user_id,signup_date,group_flag,channel,cohort_month
U00000,2025-02-21,B,BSP,2025-02
U00001,2025-01-15,A,BSP,2025-01
U00002,2025-03-13,A,API,2025-03
U00003,2025-03-02,A,WEB,2025-03
U00004,2025-01-21,B,API,2025-01
U00005,2025-03-24,B,MOB,2025-03
U00006,2025-03-28,A,MOB,2025-03
U00007,2025-03-16,A,WEB,2025-03
U00008,2025-03-16,B,WEB,2025-03
U00009,2025-03-29,A,MOB,2025-03
U00010,2025-01-24,A,WEB,2025-01
U00011,2025-01-03,B,BSP,2025-01
U00012,2025-01-22,A,BSP,2025-01
U00013,2025-02-22,B,WEB,2025-02
U00014,2025-01-02,B,MOB,2025-01
U00015,2025-03-29,A,API,2025-03
U00016,2025-01-30,A,WEB,2025-01
U00017,2025-02-07,A,WEB,2025-02
U00018,2025-01-02,B,API,2025-01
U00019,2025-03-05,B,WEB,2025-03
U00020,2025-03-01,B,API,2025-03
U00021,2025-01-21,A,MOB,2025-01
U00022,2025-02-02,B,BSP,2025-02
U00023,2025-03-17,B,MOB,2025-03
U00024,2025-02-27,B,BSP,2025-02
U00025,2025-01-22,B,API,2025-01
U00026,2025-03-30,B,BSP,2025-03
U00027,2025-02-18,B,MOB,2025-02
U00028,2025-02-28,B,BSP,2025-02
U00029,2025-02-11,A,API,2025-02
U00030,2025-03-01,A,BSP,2025-03
U00031,2025-03-21,B,WEB,2025-03
U00032,2025-01-15,A,MOB,2025-01
U00033,2025-03-03,B,WEB,2025-03
U00034,2025-03-03,B,API,2025-03
U00035,2025-02-16,B,BSP,2025-02
U00036,2025-03-03,A,WEB,2025-03
U00037,2025-02-20,A,WEB,2025-02
U00038,2025-02-24,A,BSP,2025-02
U00039,2025-03-05,B,BSP,2025-03
U00040,2025-01-03,B,MOB,2025-01
U00041,2025-02-20,B,WEB,2025-02
U00042,2025-01-07,A,WEB,2025-01
U00043,2025-01-21,B,API,2025-01
U00044,2025-03-14,B,MOB,2025-03
U00045,2025-02-08,A,API,2025-02
U00046,2025-01-18,B,WEB,2025-01
U00047,2025-01-04,A,API,2025-01
U00048,2025-03-30,A,WEB,2025-03
U00049,2025-03-01,B,WEB,2025-03
U00050,2025-01-14,A,API,2025-01
U00051,2025-01-09,B,API,2025-01
U00052,2025-03-31,B,BSP,2025-03
U00053,2025-02-22,B,BSP,2025-02
U00054,2025-01-02,A,BSP,2025-01
U00055,2025-03-25,B,WEB,2025-03
U00056,2025-03-01,B,API,2025-03
U00057,2025-03-12,B,MOB,2025-03
U00058,2025-02-13,A,WEB,2025-02
U00059,2025-01-08,A,MOB,2025-01
U00060,2025-02-16,B,API,2025-02
U00061,2025-02-04,A,WEB,2025-02
U00062,2025-03-19,B,MOB,2025-03
U00063,2025-03-22,B,MOB,2025-03
U00064,2025-02-05,B,BSP,2025-02
U00065,2025-02-19,B,BSP,2025-02
U00066,2025-01-04,B,BSP,2025-01
U00067,2025-01-02,B,WEB,2025-01
U00068,2025-01-06,B,API,2025-01
U00069,2025-02-23,B,API,2025-02
U00070,2025-01-04,A,BSP,2025-01
U00071,2025-02-23,A,BSP,2025-02
U00072,2025-03-04,B,BSP,2025-03
U00073,2025-01-18,A,MOB,2025-01
U00074,2025-03-31,A,BSP,2025-03
U00075,2025-02-13,A,MOB,2025-02
U00076,2025-02-03,B,API,2025-02
U00077,2025-03-15,B,WEB,2025-03
U00078,2025-03-03,B,WEB,2025-03
U00079,2025-01-14,B,WEB,2025-01
U00080,2025-02-17,B,WEB,2025-02
U00081,2025-01-15,A,MOB,2025-01
U00082,2025-03-13,B,MOB,2025-03
U00083,2025-03-19,A,BSP,2025-03
U00084,2025-03-28,B,MOB,2025-03
U00085,2025-03-03,B,BSP,2025-03
U00086,2025-02-09,A,BSP,2025-02
U00087,2025-03-26,A,WEB,2025-03
U00088,2025-03-21,A,MOB,2025-03
U00089,2025-03-23,A,MOB,2025-03
U00090,2025-02-22,A,BSP,2025-02
U00091,2025-01-24,B,BSP,2025-01
U00092,2025-01-26,B,API,2025-01
U00093,2025-03-30,B,API,2025-03
U00094,2025-03-01,B,BSP,2025-03
U00095,2025-02-10,B,API,2025-02
U00096,2025-01-29,B,API,2025-01
U00097,2025-01-15,A,BSP,2025-01
U00098,2025-02-14,B,BSP,2025-02
U00099,2025-03-06,A,MOB,2025-03
U00100,2025-03-30,B,BSP,2025-03
U00101,2025-03-12,B,BSP,2025-03
U00102,2025-01-09,B,WEB,2025-01
U00103,2025-03-29,A,MOB,2025-03
U00104,2025-01-01,B,MOB,2025-01
U00105,2025-01-08,B,MOB,2025-01
U00106,2025-03-29,A,WEB,2025-03
U00107,2025-03-04,A,BSP,2025-03
U00108,2025-01-11,B,MOB,2025-01
U00109,2025-03-22,A,MOB,2025-03
U00110,2025-01-08,B,API,2025-01
U00111,2025-02-04,A,MOB,2025-02
U00112,2025-02-04,A,BSP,2025-02
U00113,2025-02-02,B,BSP,2025-02
U00114,2025-01-05,A,API,2025-01
U00115,2025-02-10,B,MOB,2025-02
U00116,2025-01-28,A,MOB,2025-01
U00117,2025-01-07,A,MOB,2025-01
U00118,2025-03-14,B,WEB,2025-03
U00119,2025-03-13,B,MOB,2025-03
U00120,2025-01-12,B,BSP,2025-01
U00121,2025-02-03,B,BSP,2025-02
U00122,2025-02-02,B,WEB,2025-02
U00123,2025-02-17,A,WEB,2025-02
U00124,2025-01-23,A,MOB,2025-01
U00125,2025-03-03,B,API,2025-03
U00126,2025-03-29,B,WEB,2025-03
U00127,2025-02-06,B,WEB,2025-02
U00128,2025-02-13,A,MOB,2025-02
U00129,2025-03-27,A,MOB,2025-03
U00130,2025-02-04,B,WEB,2025-02
U00131,2025-03-06,B,API,2025-03
U00132,2025-02-16,B,WEB,2025-02
U00133,2025-03-19,B,MOB,2025-03
U00134,2025-01-03,B,MOB,2025-01
U00135,2025-01-01,A,WEB,2025-01
U00136,2025-01-05,A,API,2025-01
U00137,2025-03-31,A,WEB,2025-03
U00138,2025-01-14,A,WEB,2025-01
U00139,2025-01-27,B,MOB,2025-01
U00140,2025-01-09,A,API,2025-01
U00141,2025-03-20,B,BSP,2025-03
U00142,2025-01-15,A,API,2025-01
U00143,2025-03-31,A,WEB,2025-03
U00144,2025-02-11,A,WEB,2025-02
U00145,2025-03-18,A,WEB,2025-03
U00146,2025-02-20,B,API,2025-02
U00147,2025-03-04,A,MOB,2025-03
U00148,2025-02-21,B,WEB,2025-02
U00149,2025-01-04,A,WEB,2025-01
U00150,2025-01-23,A,API,2025-01
U00151,2025-01-15,A,BSP,2025-01
U00152,2025-02-12,B,BSP,2025-02
U00153,2025-01-29,B,MOB,2025-01
U00154,2025-02-05,A,MOB,2025-02
U00155,2025-01-13,A,WEB,2025-01
U00156,2025-02-01,B,API,2025-02
U00157,2025-03-12,A,WEB,2025-03
U00158,2025-02-28,A,MOB,2025-02
U00159,2025-03-27,B,API,2025-03
U00160,2025-01-28,B,API,2025-01
U00161,2025-03-07,A,MOB,2025-03
U00162,2025-02-11,B,BSP,2025-02
U00163,2025-02-14,B,BSP,2025-02
U00164,2025-03-03,A,API,2025-03
U00165,2025-02-26,B,WEB,2025-02
U00166,2025-01-06,B,BSP,2025-01
U00167,2025-01-28,A,WEB,2025-01
U00168,2025-01-28,A,BSP,2025-01
U00169,2025-02-13,A,BSP,2025-02
U00170,2025-03-25,B,WEB,2025-03
U00171,2025-01-30,A,MOB,2025-01
U00172,2025-03-03,B,BSP,2025-03
U00173,2025-03-16,B,BSP,2025-03
U00174,2025-03-30,A,WEB,2025-03
U00175,2025-03-03,B,MOB,2025-03
U00176,2025-01-01,A,BSP,2025-01
U00177,2025-01-27,B,BSP,2025-01
U00178,2025-03-03,B,MOB,2025-03
U00179,2025-03-18,A,BSP,2025-03
U00180,2025-01-03,A,MOB,2025-01
U00181,2025-03-11,A,MOB,2025-03
U00182,2025-03-13,A,WEB,2025-03
U00183,2025-01-27,A,API,2025-01
U00184,2025-01-09,A,MOB,2025-01
U00185,2025-03-03,B,WEB,2025-03
U00186,2025-02-06,A,API,2025-02
U00187,2025-02-20,A,BSP,2025-02
U00188,2025-02-13,B,API,2025-02
U00189,2025-01-24,A,MOB,2025-01
U00190,2025-03-20,B,MOB,2025-03
U00191,2025-02-28,B,MOB,2025-02
U00192,2025-02-01,B,MOB,2025-02
U00193,2025-03-29,A,MOB,2025-03
U00194,2025-02-21,A,WEB,2025-02
U00195,2025-03-03,A,MOB,2025-03
U00196,2025-02-27,B,WEB,2025-02
U00197,2025-02-21,A,BSP,2025-02
U00198,2025-01-12,A,MOB,2025-01
U00199,2025-02-08,B,MOB,2025-02
U00200,2025-01-02,A,API,2025-01
U00201,2025-01-03,A,BSP,2025-01
U00202,2025-02-25,A,MOB,2025-02
U00203,2025-03-22,B,MOB,2025-03
U00204,2025-02-28,A,BSP,2025-02
U00205,2025-01-02,B,WEB,2025-01
U00206,2025-01-02,B,MOB,2025-01
U00207,2025-02-23,A,API,2025-02
U00208,2025-03-28,B,MOB,2025-03
U00209,2025-01-01,A,API,2025-01
U00210,2025-01-19,A,API,2025-01
U00211,2025-01-02,B,MOB,2025-01
U00212,2025-02-22,B,MOB,2025-02
U00213,2025-02-13,B,API,2025-02
U00214,2025-03-31,B,BSP,2025-03
U00215,2025-02-01,A,BSP,2025-02
U00216,2025-03-11,A,MOB,2025-03
U00217,2025-02-01,A,WEB,2025-02
U00218,2025-03-09,A,BSP,2025-03
U00219,2025-02-24,A,MOB,2025-02
U00220,2025-03-16,A,BSP,2025-03
U00221,2025-02-25,A,WEB,2025-02
U00222,2025-01-17,A,MOB,2025-01
U00223,2025-02-07,B,WEB,2025-02
U00224,2025-01-24,B,MOB,2025-01
U00225,2025-03-10,A,WEB,2025-03
U00226,2025-03-11,B,BSP,2025-03
U00227,2025-03-27,B,BSP,2025-03
U00228,2025-01-11,A,WEB,2025-01
U00229,2025-01-16,B,WEB,2025-01
U00230,2025-03-14,B,WEB,2025-03
U00231,2025-02-28,B,MOB,2025-02
U00232,2025-03-11,A,BSP,2025-03
U00233,2025-03-21,B,MOB,2025-03
U00234,2025-01-03,A,BSP,2025-01
U00235,2025-01-20,B,API,2025-01
U00236,2025-02-28,B,MOB,2025-02
U00237,2025-02-05,B,BSP,2025-02
U00238,2025-01-19,B,BSP,2025-01
U00239,2025-03-31,B,MOB,2025-03
U00240,2025-03-08,A,MOB,2025-03
U00241,2025-01-19,A,BSP,2025-01
U00242,2025-01-20,B,MOB,2025-01
U00243,2025-03-12,A,WEB,2025-03
U00244,2025-02-21,A,MOB,2025-02
U00245,2025-02-02,A,MOB,2025-02
U00246,2025-02-09,A,MOB,2025-02
U00247,2025-02-08,B,BSP,2025-02
U00248,2025-03-23,B,WEB,2025-03
U00249,2025-01-01,B,API,2025-01
U00250,2025-01-11,B,API,2025-01
U00251,2025-02-26,A,WEB,2025-02
U00252,2025-03-30,A,WEB,2025-03
U00253,2025-02-19,B,WEB,2025-02
U00254,2025-01-23,A,BSP,2025-01
U00255,2025-01-31,B,API,2025-01
U00256,2025-02-11,B,WEB,2025-02
U00257,2025-01-07,A,BSP,2025-01
U00258,2025-01-16,B,API,2025-01
U00259,2025-03-31,B,MOB,2025-03
U00260,2025-03-01,B,BSP,2025-03
U00261,2025-01-02,A,API,2025-01
U00262,2025-01-01,A,BSP,2025-01
U00263,2025-02-17,B,API,2025-02
U00264,2025-01-12,A,API,2025-01
U00265,2025-03-10,A,MOB,2025-03
U00266,2025-02-06,B,BSP,2025-02
U00267,2025-02-01,A,WEB,2025-02
U00268,2025-01-09,B,MOB,2025-01
U00269,2025-01-19,B,MOB,2025-01
U00270,2025-02-17,B,API,2025-02
U00271,2025-03-21,A,WEB,2025-03
U00272,2025-01-03,B,BSP,2025-01
U00273,2025-01-20,A,WEB,2025-01
U00274,2025-01-24,A,WEB,2025-01
U00275,2025-02-23,B,WEB,2025-02
U00276,2025-02-02,A,WEB,2025-02
U00277,2025-01-24,A,WEB,2025-01
U00278,2025-03-16,B,API,2025-03
U00279,2025-03-13,A,API,2025-03
U00280,2025-02-05,A,MOB,2025-02
U00281,2025-02-07,A,API,2025-02
U00282,2025-03-25,B,MOB,2025-03
U00283,2025-03-30,B,MOB,2025-03
U00284,2025-01-25,A,BSP,2025-01
U00285,2025-01-18,A,WEB,2025-01
U00286,2025-03-23,A,API,2025-03
U00287,2025-03-07,A,BSP,2025-03
U00288,2025-02-23,B,API,2025-02
U00289,2025-02-04,A,MOB,2025-02
U00290,2025-03-21,A,API,2025-03
U00291,2025-03-02,B,WEB,2025-03
U00292,2025-02-10,B,MOB,2025-02
U00293,2025-02-02,B,MOB,2025-02
U00294,2025-03-09,A,BSP,2025-03
U00295,2025-02-02,A,WEB,2025-02
U00296,2025-01-14,A,MOB,2025-01
U00297,2025-01-21,A,WEB,2025-01
U00298,2025-02-17,B,API,2025-02
U00299,2025-01-20,B,WEB,2025-01
U00300,2025-01-08,B,MOB,2025-01
U00301,2025-01-07,B,BSP,2025-01
U00302,2025-03-08,A,MOB,2025-03
U00303,2025-01-17,B,WEB,2025-01
U00304,2025-02-02,A,WEB,2025-02
U00305,2025-02-17,B,MOB,2025-02
U00306,2025-03-17,A,WEB,2025-03
U00307,2025-02-28,A,API,2025-02
U00308,2025-03-27,A,MOB,2025-03
U00309,2025-01-22,B,BSP,2025-01
U00310,2025-01-30,A,MOB,2025-01
U00311,2025-02-07,A,API,2025-02
U00312,2025-02-20,A,API,2025-02
U00313,2025-02-23,B,API,2025-02
U00314,2025-01-08,B,API,2025-01
U00315,2025-01-27,B,API,2025-01
U00316,2025-01-27,A,BSP,2025-01
U00317,2025-01-21,B,WEB,2025-01
U00318,2025-01-30,A,API,2025-01
U00319,2025-01-28,B,API,2025-01
U00320,2025-03-05,B,MOB,2025-03
U00321,2025-03-10,A,BSP,2025-03
U00322,2025-03-02,A,BSP,2025-03
U00323,2025-02-17,A,WEB,2025-02
U00324,2025-01-19,A,BSP,2025-01
U00325,2025-01-04,A,MOB,2025-01
U00326,2025-02-04,B,MOB,2025-02
U00327,2025-03-05,A,WEB,2025-03
U00328,2025-02-18,A,MOB,2025-02
U00329,2025-01-17,A,API,2025-01
U00330,2025-02-13,A,API,2025-02
U00331,2025-01-30,B,MOB,2025-01
U00332,2025-02-15,A,WEB,2025-02
U00333,2025-01-06,B,BSP,2025-01
U00334,2025-02-06,B,WEB,2025-02
U00335,2025-01-24,B,BSP,2025-01
U00336,2025-02-15,B,MOB,2025-02
U00337,2025-02-22,A,MOB,2025-02
U00338,2025-03-01,B,API,2025-03
U00339,2025-03-04,A,BSP,2025-03
U00340,2025-03-26,A,WEB,2025-03
U00341,2025-02-01,B,MOB,2025-02
U00342,2025-03-28,B,WEB,2025-03
U00343,2025-02-02,B,API,2025-02
U00344,2025-03-08,A,BSP,2025-03
U00345,2025-01-18,A,BSP,2025-01
U00346,2025-01-25,B,MOB,2025-01
U00347,2025-02-23,A,BSP,2025-02
U00348,2025-02-27,B,MOB,2025-02
U00349,2025-03-08,B,API,2025-03
U00350,2025-02-15,A,BSP,2025-02
U00351,2025-01-24,A,MOB,2025-01
U00352,2025-02-01,A,WEB,2025-02
U00353,2025-02-16,A,MOB,2025-02
U00354,2025-03-27,B,BSP,2025-03
U00355,2025-01-23,A,API,2025-01
U00356,2025-03-07,B,BSP,2025-03
U00357,2025-01-27,A,BSP,2025-01
U00358,2025-01-02,B,MOB,2025-01
U00359,2025-03-31,A,WEB,2025-03
U00360,2025-01-17,A,BSP,2025-01
U00361,2025-02-02,A,WEB,2025-02
U00362,2025-01-09,B,MOB,2025-01
U00363,2025-02-12,B,WEB,2025-02
U00364,2025-02-17,B,MOB,2025-02
U00365,2025-02-08,A,API,2025-02
U00366,2025-02-11,A,WEB,2025-02
U00367,2025-01-26,B,WEB,2025-01
U00368,2025-02-19,A,API,2025-02
U00369,2025-01-25,A,WEB,2025-01
U00370,2025-01-24,B,API,2025-01
U00371,2025-01-13,B,BSP,2025-01
U00372,2025-03-01,B,MOB,2025-03
U00373,2025-01-07,B,API,2025-01
U00374,2025-02-26,A,WEB,2025-02
U00375,2025-02-05,A,API,2025-02
U00376,2025-02-14,B,WEB,2025-02
U00377,2025-01-20,B,BSP,2025-01
U00378,2025-03-06,A,API,2025-03
U00379,2025-01-08,A,BSP,2025-01
U00380,2025-01-16,A,MOB,2025-01
U00381,2025-01-14,B,WEB,2025-01
U00382,2025-03-17,B,WEB,2025-03
U00383,2025-03-28,B,BSP,2025-03
U00384,2025-01-15,A,MOB,2025-01
U00385,2025-03-07,B,API,2025-03
U00386,2025-02-01,B,API,2025-02
U00387,2025-03-28,A,WEB,2025-03
U00388,2025-03-04,A,BSP,2025-03
U00389,2025-03-27,A,BSP,2025-03
U00390,2025-02-20,A,API,2025-02
U00391,2025-01-25,B,MOB,2025-01
U00392,2025-02-27,A,MOB,2025-02
U00393,2025-03-04,B,API,2025-03
U00394,2025-03-03,A,API,2025-03
U00395,2025-01-22,A,BSP,2025-01
U00396,2025-02-27,A,MOB,2025-02
U00397,2025-02-27,A,API,2025-02
U00398,2025-03-27,A,API,2025-03
U00399,2025-02-18,B,WEB,2025-02
U00400,2025-02-21,B,API,2025-02
U00401,2025-02-11,B,API,2025-02
U00402,2025-03-11,A,MOB,2025-03
U00403,2025-01-15,A,BSP,2025-01
U00404,2025-02-23,A,MOB,2025-02
U00405,2025-03-01,B,BSP,2025-03
U00406,2025-01-08,A,WEB,2025-01
U00407,2025-02-22,A,API,2025-02
U00408,2025-03-01,B,WEB,2025-03
U00409,2025-01-05,A,BSP,2025-01
U00410,2025-03-09,A,MOB,2025-03
U00411,2025-01-06,A,MOB,2025-01
U00412,2025-02-16,B,WEB,2025-02
U00413,2025-02-24,B,BSP,2025-02
U00414,2025-02-09,A,WEB,2025-02
U00415,2025-02-21,A,WEB,2025-02
U00416,2025-01-16,B,API,2025-01
U00417,2025-01-13,B,WEB,2025-01
U00418,2025-01-30,A,API,2025-01
U00419,2025-01-19,B,API,2025-01
U00420,2025-01-17,A,MOB,2025-01
U00421,2025-03-04,B,API,2025-03
U00422,2025-01-19,B,API,2025-01
U00423,2025-02-27,A,MOB,2025-02
U00424,2025-02-24,B,WEB,2025-02
U00425,2025-03-31,B,BSP,2025-03
U00426,2025-03-31,B,BSP,2025-03
U00427,2025-03-03,A,BSP,2025-03
U00428,2025-01-23,A,WEB,2025-01
U00429,2025-01-09,A,API,2025-01
U00430,2025-01-12,B,BSP,2025-01
U00431,2025-01-01,A,WEB,2025-01
U00432,2025-02-27,B,API,2025-02
U00433,2025-01-01,B,MOB,2025-01
U00434,2025-02-03,A,BSP,2025-02
U00435,2025-02-17,B,API,2025-02
U00436,2025-03-30,A,BSP,2025-03
U00437,2025-01-01,B,BSP,2025-01
U00438,2025-01-16,A,BSP,2025-01
U00439,2025-03-02,A,API,2025-03
U00440,2025-03-05,A,WEB,2025-03
U00441,2025-03-04,A,API,2025-03
U00442,2025-03-10,B,BSP,2025-03
U00443,2025-01-22,B,API,2025-01
U00444,2025-03-08,B,MOB,2025-03
U00445,2025-03-17,A,WEB,2025-03
U00446,2025-01-26,A,API,2025-01
U00447,2025-01-16,A,MOB,2025-01
U00448,2025-02-20,B,WEB,2025-02
U00449,2025-03-27,B,MOB,2025-03
U00450,2025-02-26,A,WEB,2025-02
U00451,2025-01-29,A,API,2025-01
U00452,2025-03-19,B,MOB,2025-03
U00453,2025-03-10,B,BSP,2025-03
U00454,2025-02-16,B,MOB,2025-02
U00455,2025-03-03,B,WEB,2025-03
U00456,2025-03-10,A,API,2025-03
U00457,2025-03-17,A,WEB,2025-03
U00458,2025-01-16,B,MOB,2025-01
U00459,2025-03-31,B,MOB,2025-03
U00460,2025-03-31,A,BSP,2025-03
U00461,2025-02-17,B,API,2025-02
U00462,2025-03-26,B,API,2025-03
U00463,2025-02-08,B,MOB,2025-02
U00464,2025-02-02,B,API,2025-02
U00465,2025-01-23,A,BSP,2025-01
U00466,2025-01-10,B,WEB,2025-01
U00467,2025-03-10,B,API,2025-03
U00468,2025-02-03,B,MOB,2025-02
U00469,2025-02-21,B,WEB,2025-02
U00470,2025-01-10,B,WEB,2025-01
U00471,2025-01-19,A,BSP,2025-01
U00472,2025-02-27,B,MOB,2025-02
U00473,2025-01-01,B,API,2025-01
U00474,2025-03-10,B,MOB,2025-03
U00475,2025-01-04,B,WEB,2025-01
U00476,2025-01-16,B,MOB,2025-01
U00477,2025-01-24,A,API,2025-01
U00478,2025-03-21,B,API,2025-03
U00479,2025-01-02,A,BSP,2025-01
U00480,2025-02-01,A,API,2025-02
U00481,2025-03-25,B,API,2025-03
U00482,2025-01-24,B,MOB,2025-01
U00483,2025-01-12,A,MOB,2025-01
U00484,2025-02-19,A,WEB,2025-02
U00485,2025-02-04,B,BSP,2025-02
U00486,2025-02-02,A,MOB,2025-02
U00487,2025-02-02,A,API,2025-02
U00488,2025-03-02,A,WEB,2025-03
U00489,2025-02-20,A,MOB,2025-02
U00490,2025-02-12,A,BSP,2025-02
U00491,2025-01-12,A,BSP,2025-01
U00492,2025-03-08,A,WEB,2025-03
U00493,2025-03-06,B,WEB,2025-03
U00494,2025-02-02,B,WEB,2025-02
U00495,2025-02-09,B,WEB,2025-02
U00496,2025-03-15,A,WEB,2025-03
U00497,2025-02-12,A,API,2025-02
U00498,2025-02-13,B,API,2025-02
U00499,2025-01-29,A,MOB,2025-01
U00500,2025-01-13,A,BSP,2025-01
U00501,2025-01-12,B,API,2025-01
U00502,2025-02-15,B,API,2025-02
U00503,2025-01-02,A,API,2025-01
U00504,2025-02-04,A,MOB,2025-02
U00505,2025-03-28,B,WEB,2025-03
U00506,2025-03-22,A,MOB,2025-03
U00507,2025-03-31,B,BSP,2025-03
U00508,2025-01-08,B,BSP,2025-01
U00509,2025-01-26,B,BSP,2025-01
U00510,2025-03-15,A,BSP,2025-03
U00511,2025-03-31,B,API,2025-03
U00512,2025-02-03,B,API,2025-02
U00513,2025-01-07,A,MOB,2025-01
U00514,2025-03-09,A,WEB,2025-03
U00515,2025-02-27,B,BSP,2025-02
U00516,2025-03-16,A,MOB,2025-03
U00517,2025-01-29,A,API,2025-01
U00518,2025-02-05,A,API,2025-02
U00519,2025-03-30,B,WEB,2025-03
U00520,2025-01-21,B,WEB,2025-01
U00521,2025-02-05,B,WEB,2025-02
U00522,2025-01-10,A,MOB,2025-01
U00523,2025-03-14,A,API,2025-03
U00524,2025-01-24,B,API,2025-01
U00525,2025-03-05,A,WEB,2025-03
U00526,2025-02-18,A,BSP,2025-02
U00527,2025-02-05,B,WEB,2025-02
U00528,2025-03-23,B,MOB,2025-03
U00529,2025-01-24,B,WEB,2025-01
U00530,2025-01-23,B,WEB,2025-01
U00531,2025-03-03,B,MOB,2025-03
U00532,2025-02-06,A,WEB,2025-02
U00533,2025-01-12,B,API,2025-01
U00534,2025-02-24,B,BSP,2025-02
U00535,2025-01-13,A,WEB,2025-01
U00536,2025-01-23,B,MOB,2025-01
U00537,2025-03-30,B,BSP,2025-03
U00538,2025-01-30,B,MOB,2025-01
U00539,2025-01-17,B,BSP,2025-01
U00540,2025-03-03,B,BSP,2025-03
U00541,2025-03-25,B,WEB,2025-03
U00542,2025-03-30,A,API,2025-03
U00543,2025-03-27,B,WEB,2025-03
U00544,2025-01-13,A,MOB,2025-01
U00545,2025-02-28,A,MOB,2025-02
U00546,2025-01-19,A,BSP,2025-01
U00547,2025-02-18,A,BSP,2025-02
U00548,2025-01-12,A,API,2025-01
U00549,2025-03-02,B,WEB,2025-03
U00550,2025-01-19,B,MOB,2025-01
U00551,2025-03-17,B,BSP,2025-03
U00552,2025-01-09,A,API,2025-01
U00553,2025-03-12,B,MOB,2025-03
U00554,2025-01-28,B,BSP,2025-01
U00555,2025-03-19,B,MOB,2025-03
U00556,2025-02-21,A,API,2025-02
U00557,2025-03-24,A,API,2025-03
U00558,2025-01-16,A,MOB,2025-01
U00559,2025-03-10,A,WEB,2025-03
U00560,2025-01-12,A,MOB,2025-01
U00561,2025-01-25,B,BSP,2025-01
U00562,2025-02-21,A,WEB,2025-02
U00563,2025-03-26,A,BSP,2025-03
U00564,2025-02-22,A,MOB,2025-02
U00565,2025-01-23,A,WEB,2025-01
U00566,2025-01-16,A,BSP,2025-01
U00567,2025-02-26,A,MOB,2025-02
U00568,2025-02-08,A,MOB,2025-02
U00569,2025-02-22,B,WEB,2025-02
U00570,2025-02-11,B,MOB,2025-02
U00571,2025-02-27,A,API,2025-02
U00572,2025-02-08,A,BSP,2025-02
U00573,2025-01-14,B,BSP,2025-01
U00574,2025-01-05,A,MOB,2025-01
U00575,2025-02-04,A,MOB,2025-02
U00576,2025-03-28,B,API,2025-03
U00577,2025-03-16,A,WEB,2025-03
U00578,2025-01-18,B,MOB,2025-01
U00579,2025-03-17,B,MOB,2025-03
U00580,2025-01-09,A,MOB,2025-01
U00581,2025-03-15,A,MOB,2025-03
U00582,2025-02-27,B,BSP,2025-02
U00583,2025-01-17,A,MOB,2025-01
U00584,2025-01-07,A,BSP,2025-01
U00585,2025-02-15,B,MOB,2025-02
U00586,2025-01-13,B,WEB,2025-01
U00587,2025-02-09,A,API,2025-02
U00588,2025-02-11,B,WEB,2025-02
U00589,2025-01-09,A,MOB,2025-01
U00590,2025-02-19,B,MOB,2025-02
U00591,2025-01-27,B,MOB,2025-01
U00592,2025-03-07,B,WEB,2025-03
U00593,2025-01-05,A,MOB,2025-01
U00594,2025-01-29,B,WEB,2025-01
U00595,2025-02-06,A,BSP,2025-02
U00596,2025-02-07,B,API,2025-02
U00597,2025-03-24,A,API,2025-03
U00598,2025-01-08,A,WEB,2025-01
U00599,2025-03-06,A,BSP,2025-03
U00600,2025-03-27,B,WEB,2025-03
U00601,2025-01-17,B,BSP,2025-01
U00602,2025-03-12,A,MOB,2025-03
U00603,2025-03-30,A,BSP,2025-03
U00604,2025-02-14,B,BSP,2025-02
U00605,2025-01-04,A,BSP,2025-01
U00606,2025-02-05,A,API,2025-02
U00607,2025-03-11,B,BSP,2025-03
U00608,2025-01-31,B,MOB,2025-01
U00609,2025-01-19,B,MOB,2025-01
U00610,2025-03-02,A,MOB,2025-03
U00611,2025-02-23,A,BSP,2025-02
U00612,2025-02-08,B,WEB,2025-02
U00613,2025-03-15,B,WEB,2025-03
U00614,2025-03-31,B,MOB,2025-03
U00615,2025-01-19,B,API,2025-01
U00616,2025-02-08,A,WEB,2025-02
U00617,2025-03-08,B,BSP,2025-03
U00618,2025-02-14,A,WEB,2025-02
U00619,2025-01-13,A,MOB,2025-01
U00620,2025-02-27,B,API,2025-02
U00621,2025-01-20,A,WEB,2025-01
U00622,2025-03-13,A,WEB,2025-03
U00623,2025-03-02,B,MOB,2025-03
U00624,2025-02-08,A,API,2025-02
U00625,2025-01-01,B,API,2025-01
U00626,2025-01-03,A,MOB,2025-01
U00627,2025-03-18,B,BSP,2025-03
U00628,2025-03-03,A,WEB,2025-03
U00629,2025-03-04,A,BSP,2025-03
U00630,2025-01-25,B,WEB,2025-01
U00631,2025-02-25,B,WEB,2025-02
U00632,2025-02-02,A,BSP,2025-02
U00633,2025-02-07,A,MOB,2025-02
U00634,2025-01-06,B,MOB,2025-01
U00635,2025-02-27,B,WEB,2025-02
U00636,2025-02-13,B,MOB,2025-02
U00637,2025-02-14,B,WEB,2025-02
U00638,2025-02-01,A,MOB,2025-02
U00639,2025-02-14,A,WEB,2025-02
U00640,2025-03-02,B,MOB,2025-03
U00641,2025-02-16,A,API,2025-02
U00642,2025-01-21,A,BSP,2025-01
U00643,2025-03-21,B,API,2025-03
U00644,2025-03-26,B,BSP,2025-03
U00645,2025-03-16,B,BSP,2025-03
U00646,2025-02-05,B,WEB,2025-02
U00647,2025-01-19,B,BSP,2025-01
U00648,2025-01-20,A,API,2025-01
U00649,2025-02-26,A,API,2025-02
U00650,2025-01-18,A,MOB,2025-01
U00651,2025-02-16,A,API,2025-02
U00652,2025-02-18,B,MOB,2025-02
U00653,2025-01-14,A,BSP,2025-01
U00654,2025-01-15,A,API,2025-01
U00655,2025-01-31,A,BSP,2025-01
U00656,2025-01-01,A,API,2025-01
U00657,2025-02-23,A,API,2025-02
U00658,2025-01-03,A,MOB,2025-01
U00659,2025-01-16,A,BSP,2025-01
U00660,2025-03-28,A,API,2025-03
U00661,2025-02-26,A,WEB,2025-02
U00662,2025-03-16,B,BSP,2025-03
U00663,2025-01-12,A,BSP,2025-01
U00664,2025-03-15,A,BSP,2025-03
U00665,2025-01-16,B,MOB,2025-01
U00666,2025-03-13,A,WEB,2025-03
U00667,2025-03-17,B,BSP,2025-03
U00668,2025-01-24,B,API,2025-01
U00669,2025-01-28,A,API,2025-01
U00670,2025-01-08,B,MOB,2025-01
U00671,2025-02-05,A,API,2025-02
U00672,2025-03-31,B,BSP,2025-03
U00673,2025-01-08,A,API,2025-01
U00674,2025-02-27,B,BSP,2025-02
U00675,2025-03-01,A,API,2025-03
U00676,2025-02-19,B,WEB,2025-02
U00677,2025-01-28,B,MOB,2025-01
U00678,2025-02-10,A,MOB,2025-02
U00679,2025-03-05,A,WEB,2025-03
U00680,2025-01-27,B,WEB,2025-01
U00681,2025-03-04,B,MOB,2025-03
U00682,2025-01-17,A,WEB,2025-01
U00683,2025-03-14,B,BSP,2025-03
U00684,2025-02-02,B,API,2025-02
U00685,2025-03-25,B,MOB,2025-03
U00686,2025-03-18,A,WEB,2025-03
U00687,2025-01-29,B,BSP,2025-01
U00688,2025-01-13,A,MOB,2025-01
U00689,2025-02-15,B,WEB,2025-02
U00690,2025-02-04,A,MOB,2025-02
U00691,2025-01-06,A,WEB,2025-01
U00692,2025-03-23,B,MOB,2025-03
U00693,2025-03-10,A,BSP,2025-03
U00694,2025-02-16,B,BSP,2025-02
U00695,2025-01-25,B,API,2025-01
U00696,2025-03-07,B,MOB,2025-03
U00697,2025-01-10,A,API,2025-01
U00698,2025-02-25,B,MOB,2025-02
U00699,2025-01-30,A,WEB,2025-01
U00700,2025-01-05,A,WEB,2025-01
U00701,2025-02-02,B,API,2025-02
U00702,2025-03-06,A,MOB,2025-03
U00703,2025-01-18,A,API,2025-01
U00704,2025-02-18,B,BSP,2025-02
U00705,2025-01-11,A,API,2025-01
U00706,2025-03-26,A,API,2025-03
U00707,2025-01-26,B,WEB,2025-01
U00708,2025-03-04,A,API,2025-03
U00709,2025-03-30,B,MOB,2025-03
U00710,2025-03-27,B,WEB,2025-03
U00711,2025-02-28,B,API,2025-02
U00712,2025-01-27,B,BSP,2025-01
U00713,2025-02-18,A,API,2025-02
U00714,2025-03-18,A,API,2025-03
U00715,2025-02-02,B,API,2025-02
U00716,2025-01-01,B,WEB,2025-01
U00717,2025-01-21,B,MOB,2025-01
U00718,2025-02-24,A,BSP,2025-02
U00719,2025-01-06,A,API,2025-01
U00720,2025-03-22,A,MOB,2025-03
U00721,2025-03-10,B,MOB,2025-03
U00722,2025-01-05,A,WEB,2025-01
U00723,2025-01-03,B,BSP,2025-01
U00724,2025-02-22,B,WEB,2025-02
U00725,2025-01-23,A,MOB,2025-01
U00726,2025-02-22,B,MOB,2025-02
U00727,2025-02-06,A,MOB,2025-02
U00728,2025-03-15,B,WEB,2025-03
U00729,2025-03-15,B,BSP,2025-03
U00730,2025-03-24,B,API,2025-03
U00731,2025-01-17,B,WEB,2025-01
U00732,2025-03-26,A,MOB,2025-03
U00733,2025-03-19,A,WEB,2025-03
U00734,2025-03-14,B,MOB,2025-03
U00735,2025-01-01,A,API,2025-01
U00736,2025-02-20,A,API,2025-02
U00737,2025-02-14,A,BSP,2025-02
U00738,2025-03-18,B,MOB,2025-03
U00739,2025-01-04,A,BSP,2025-01
U00740,2025-03-03,B,BSP,2025-03
U00741,2025-03-06,B,API,2025-03
U00742,2025-02-01,A,WEB,2025-02
U00743,2025-02-03,A,WEB,2025-02
U00744,2025-03-13,A,BSP,2025-03
U00745,2025-02-08,B,API,2025-02
U00746,2025-01-26,A,MOB,2025-01
U00747,2025-02-03,A,WEB,2025-02
U00748,2025-02-23,A,BSP,2025-02
U00749,2025-01-03,B,WEB,2025-01
U00750,2025-02-19,A,WEB,2025-02
U00751,2025-01-12,B,MOB,2025-01
U00752,2025-03-06,B,API,2025-03
U00753,2025-02-23,A,MOB,2025-02
U00754,2025-01-05,B,API,2025-01
U00755,2025-02-26,A,WEB,2025-02
U00756,2025-01-17,B,BSP,2025-01
U00757,2025-02-16,B,MOB,2025-02
U00758,2025-01-23,B,API,2025-01
U00759,2025-03-20,A,WEB,2025-03
U00760,2025-03-26,A,API,2025-03
U00761,2025-01-14,A,API,2025-01
U00762,2025-03-07,A,API,2025-03
U00763,2025-03-16,A,WEB,2025-03
U00764,2025-02-20,A,BSP,2025-02
U00765,2025-02-07,A,BSP,2025-02
U00766,2025-03-05,A,BSP,2025-03
U00767,2025-02-07,B,API,2025-02
U00768,2025-02-19,A,WEB,2025-02
U00769,2025-03-23,A,API,2025-03
U00770,2025-01-30,A,BSP,2025-01
U00771,2025-03-20,A,BSP,2025-03
U00772,2025-02-20,B,WEB,2025-02
U00773,2025-03-04,A,API,2025-03
U00774,2025-02-21,B,MOB,2025-02
U00775,2025-02-07,B,MOB,2025-02
U00776,2025-03-29,B,BSP,2025-03
U00777,2025-03-20,B,WEB,2025-03
U00778,2025-01-30,B,API,2025-01
U00779,2025-02-20,B,API,2025-02
U00780,2025-03-22,B,BSP,2025-03
U00781,2025-01-05,B,BSP,2025-01
U00782,2025-01-29,B,API,2025-01
U00783,2025-01-04,B,API,2025-01
U00784,2025-01-10,B,BSP,2025-01
U00785,2025-02-25,A,API,2025-02
U00786,2025-01-17,A,MOB,2025-01
U00787,2025-03-15,A,BSP,2025-03
U00788,2025-01-17,A,API,2025-01
U00789,2025-03-25,A,BSP,2025-03
U00790,2025-03-29,A,WEB,2025-03
U00791,2025-03-10,B,BSP,2025-03
U00792,2025-02-03,A,BSP,2025-02
U00793,2025-01-06,B,WEB,2025-01
U00794,2025-02-22,A,MOB,2025-02
U00795,2025-03-07,A,API,2025-03
U00796,2025-03-18,B,WEB,2025-03
U00797,2025-02-12,B,BSP,2025-02
U00798,2025-03-16,A,API,2025-03
U00799,2025-01-23,B,WEB,2025-01
U00800,2025-02-24,B,API,2025-02
U00801,2025-03-21,A,API,2025-03
U00802,2025-03-16,A,WEB,2025-03
U00803,2025-01-16,B,API,2025-01
U00804,2025-01-08,B,MOB,2025-01
U00805,2025-01-04,B,WEB,2025-01
U00806,2025-01-04,B,MOB,2025-01
U00807,2025-02-25,A,BSP,2025-02
U00808,2025-01-25,A,API,2025-01
U00809,2025-03-08,A,BSP,2025-03
U00810,2025-03-08,B,BSP,2025-03
U00811,2025-01-27,B,API,2025-01
U00812,2025-02-01,B,WEB,2025-02
U00813,2025-02-19,A,API,2025-02
U00814,2025-03-02,A,BSP,2025-03
U00815,2025-02-20,A,BSP,2025-02
U00816,2025-01-19,B,WEB,2025-01
U00817,2025-01-21,B,API,2025-01
U00818,2025-01-05,A,BSP,2025-01
U00819,2025-03-23,B,MOB,2025-03
U00820,2025-02-11,A,BSP,2025-02
U00821,2025-03-02,B,BSP,2025-03
U00822,2025-01-22,A,WEB,2025-01
U00823,2025-01-21,B,MOB,2025-01
U00824,2025-03-11,A,BSP,2025-03
U00825,2025-01-01,B,BSP,2025-01
U00826,2025-01-05,A,MOB,2025-01
U00827,2025-01-12,A,API,2025-01
U00828,2025-03-31,A,API,2025-03
U00829,2025-02-15,A,BSP,2025-02
U00830,2025-02-03,A,BSP,2025-02
U00831,2025-02-18,B,API,2025-02
U00832,2025-03-19,A,WEB,2025-03
U00833,2025-03-31,B,MOB,2025-03
U00834,2025-02-14,B,MOB,2025-02
U00835,2025-01-27,B,WEB,2025-01
U00836,2025-03-14,A,WEB,2025-03
U00837,2025-01-26,A,WEB,2025-01
U00838,2025-02-16,B,WEB,2025-02
U00839,2025-03-27,B,WEB,2025-03
U00840,2025-02-25,A,WEB,2025-02
U00841,2025-03-04,A,MOB,2025-03
U00842,2025-02-17,A,WEB,2025-02
U00843,2025-03-02,B,API,2025-03
U00844,2025-03-22,A,WEB,2025-03
U00845,2025-01-26,A,WEB,2025-01
U00846,2025-02-05,B,MOB,2025-02
U00847,2025-01-01,A,MOB,2025-01
U00848,2025-01-08,A,WEB,2025-01
U00849,2025-02-21,B,MOB,2025-02
U00850,2025-03-20,B,BSP,2025-03
U00851,2025-02-16,A,MOB,2025-02
U00852,2025-02-25,A,MOB,2025-02
U00853,2025-03-27,A,MOB,2025-03
U00854,2025-01-14,A,MOB,2025-01
U00855,2025-03-31,B,API,2025-03
U00856,2025-01-28,A,API,2025-01
U00857,2025-03-28,A,API,2025-03
U00858,2025-03-19,A,WEB,2025-03
U00859,2025-03-29,B,WEB,2025-03
U00860,2025-01-02,B,BSP,2025-01
U00861,2025-01-26,B,API,2025-01
U00862,2025-01-14,A,WEB,2025-01
U00863,2025-02-28,B,MOB,2025-02
U00864,2025-02-25,B,MOB,2025-02
U00865,2025-01-07,A,API,2025-01
U00866,2025-01-03,A,BSP,2025-01
U00867,2025-01-23,A,BSP,2025-01
U00868,2025-01-18,A,MOB,2025-01
U00869,2025-02-07,A,BSP,2025-02
U00870,2025-01-15,A,API,2025-01
U00871,2025-03-05,A,MOB,2025-03
U00872,2025-03-30,B,WEB,2025-03
U00873,2025-01-28,A,WEB,2025-01
U00874,2025-03-15,B,BSP,2025-03
U00875,2025-02-08,B,MOB,2025-02
U00876,2025-02-26,B,MOB,2025-02
U00877,2025-01-17,B,WEB,2025-01
U00878,2025-03-27,A,MOB,2025-03
U00879,2025-03-31,B,MOB,2025-03
U00880,2025-02-13,A,MOB,2025-02
U00881,2025-01-25,A,BSP,2025-01
U00882,2025-01-17,B,MOB,2025-01
U00883,2025-01-13,A,API,2025-01
U00884,2025-03-25,A,BSP,2025-03
U00885,2025-01-25,B,MOB,2025-01
U00886,2025-03-09,B,MOB,2025-03
U00887,2025-01-10,B,API,2025-01
U00888,2025-03-08,A,BSP,2025-03
U00889,2025-01-18,B,WEB,2025-01
U00890,2025-03-27,A,WEB,2025-03
U00891,2025-02-03,B,BSP,2025-02
U00892,2025-01-08,B,MOB,2025-01
U00893,2025-02-09,B,MOB,2025-02
U00894,2025-03-24,B,WEB,2025-03
U00895,2025-02-11,A,WEB,2025-02
U00896,2025-02-10,B,WEB,2025-02
U00897,2025-01-06,B,API,2025-01
U00898,2025-02-21,A,WEB,2025-02
U00899,2025-01-26,B,API,2025-01
U00900,2025-03-05,A,BSP,2025-03
U00901,2025-02-28,B,MOB,2025-02
U00902,2025-02-25,B,WEB,2025-02
U00903,2025-02-28,B,MOB,2025-02
U00904,2025-03-11,A,MOB,2025-03
U00905,2025-02-02,B,WEB,2025-02
U00906,2025-02-22,B,WEB,2025-02
U00907,2025-01-22,B,BSP,2025-01
U00908,2025-01-21,A,API,2025-01
U00909,2025-03-11,A,API,2025-03
U00910,2025-03-11,B,MOB,2025-03
U00911,2025-01-04,A,WEB,2025-01
U00912,2025-03-16,B,BSP,2025-03
U00913,2025-03-03,B,BSP,2025-03
U00914,2025-03-03,B,BSP,2025-03
U00915,2025-01-24,B,BSP,2025-01
U00916,2025-02-24,B,BSP,2025-02
U00917,2025-01-09,A,API,2025-01
U00918,2025-01-03,A,API,2025-01
U00919,2025-01-31,A,API,2025-01
U00920,2025-02-09,A,WEB,2025-02
U00921,2025-02-05,B,MOB,2025-02
U00922,2025-01-24,B,BSP,2025-01
U00923,2025-01-06,B,WEB,2025-01
U00924,2025-03-07,B,BSP,2025-03
U00925,2025-03-25,B,API,2025-03
U00926,2025-03-16,B,WEB,2025-03
U00927,2025-01-04,B,API,2025-01
U00928,2025-03-20,B,BSP,2025-03
U00929,2025-01-06,A,BSP,2025-01
U00930,2025-02-20,A,MOB,2025-02
U00931,2025-03-03,A,BSP,2025-03
U00932,2025-02-26,B,API,2025-02
U00933,2025-03-07,B,BSP,2025-03
U00934,2025-03-20,A,MOB,2025-03
U00935,2025-03-16,A,MOB,2025-03
U00936,2025-01-08,B,API,2025-01
U00937,2025-01-26,A,WEB,2025-01
U00938,2025-02-20,A,BSP,2025-02
U00939,2025-02-14,B,MOB,2025-02
U00940,2025-02-13,A,BSP,2025-02
U00941,2025-01-05,A,BSP,2025-01
U00942,2025-03-11,B,WEB,2025-03
U00943,2025-01-26,B,MOB,2025-01
U00944,2025-03-09,B,BSP,2025-03
U00945,2025-01-19,A,MOB,2025-01
U00946,2025-03-25,A,API,2025-03
U00947,2025-01-20,A,API,2025-01
U00948,2025-01-12,B,BSP,2025-01
U00949,2025-02-16,B,MOB,2025-02
U00950,2025-01-01,A,BSP,2025-01
U00951,2025-03-31,B,MOB,2025-03
U00952,2025-01-14,A,MOB,2025-01
U00953,2025-03-05,A,WEB,2025-03
U00954,2025-02-07,A,WEB,2025-02
U00955,2025-02-06,A,WEB,2025-02
U00956,2025-01-11,B,BSP,2025-01
U00957,2025-03-18,B,WEB,2025-03
U00958,2025-01-03,A,WEB,2025-01
U00959,2025-02-02,B,API,2025-02
U00960,2025-01-06,A,MOB,2025-01
U00961,2025-02-19,B,MOB,2025-02
U00962,2025-01-10,B,WEB,2025-01
U00963,2025-01-05,A,MOB,2025-01
U00964,2025-01-23,B,API,2025-01
U00965,2025-01-10,A,API,2025-01
U00966,2025-02-13,A,WEB,2025-02
U00967,2025-01-02,A,API,2025-01
U00968,2025-01-13,B,MOB,2025-01
U00969,2025-02-09,B,BSP,2025-02
U00970,2025-01-02,A,MOB,2025-01
U00971,2025-03-25,B,BSP,2025-03
U00972,2025-03-06,B,WEB,2025-03
U00973,2025-03-04,B,BSP,2025-03
U00974,2025-03-14,B,API,2025-03
U00975,2025-01-17,B,MOB,2025-01
U00976,2025-01-09,A,BSP,2025-01
U00977,2025-03-16,A,MOB,2025-03
U00978,2025-01-15,B,WEB,2025-01
U00979,2025-01-24,A,WEB,2025-01
U00980,2025-02-07,B,API,2025-02
U00981,2025-02-04,B,WEB,2025-02
U00982,2025-02-18,A,BSP,2025-02
U00983,2025-03-10,A,WEB,2025-03
U00984,2025-03-03,A,API,2025-03
U00985,2025-03-01,B,MOB,2025-03
U00986,2025-02-19,A,MOB,2025-02
U00987,2025-03-19,A,WEB,2025-03
U00988,2025-03-16,A,BSP,2025-03
U00989,2025-01-09,A,API,2025-01
U00990,2025-02-03,A,BSP,2025-02
U00991,2025-03-17,A,API,2025-03
U00992,2025-02-04,B,WEB,2025-02
U00993,2025-01-01,A,API,2025-01
U00994,2025-02-09,A,API,2025-02
U00995,2025-03-05,A,WEB,2025-03
U00996,2025-01-22,A,BSP,2025-01
U00997,2025-03-01,B,WEB,2025-03
U00998,2025-03-05,B,API,2025-03
U00999,2025-03-13,A,WEB,2025-03
U01000,2025-01-11,B,API,2025-01
U01001,2025-01-14,A,WEB,2025-01
U01002,2025-03-01,A,MOB,2025-03
U01003,2025-01-30,B,MOB,2025-01
U01004,2025-02-04,B,WEB,2025-02
U01005,2025-03-26,B,BSP,2025-03
U01006,2025-02-06,A,API,2025-02
U01007,2025-01-05,B,MOB,2025-01
U01008,2025-03-24,A,BSP,2025-03
U01009,2025-03-19,A,API,2025-03
U01010,2025-01-26,B,MOB,2025-01
U01011,2025-03-03,A,MOB,2025-03
U01012,2025-01-04,B,WEB,2025-01
U01013,2025-03-30,B,API,2025-03
U01014,2025-02-11,A,BSP,2025-02
U01015,2025-03-30,B,BSP,2025-03
U01016,2025-01-18,B,BSP,2025-01
U01017,2025-02-09,A,API,2025-02
U01018,2025-03-13,B,BSP,2025-03
U01019,2025-02-08,B,BSP,2025-02
U01020,2025-01-14,A,BSP,2025-01
U01021,2025-02-01,B,WEB,2025-02
U01022,2025-02-20,B,WEB,2025-02
U01023,2025-02-07,A,API,2025-02
U01024,2025-01-23,B,API,2025-01
U01025,2025-03-04,A,BSP,2025-03
U01026,2025-01-15,B,WEB,2025-01
U01027,2025-01-25,B,MOB,2025-01
U01028,2025-01-17,A,MOB,2025-01
U01029,2025-03-07,A,BSP,2025-03
U01030,2025-03-19,B,BSP,2025-03
U01031,2025-02-22,A,WEB,2025-02
U01032,2025-02-20,B,WEB,2025-02
U01033,2025-02-08,A,WEB,2025-02
U01034,2025-02-20,B,API,2025-02
U01035,2025-03-11,B,API,2025-03
U01036,2025-01-06,B,BSP,2025-01
U01037,2025-03-08,A,API,2025-03
U01038,2025-01-07,B,WEB,2025-01
U01039,2025-02-20,B,WEB,2025-02
U01040,2025-03-13,A,API,2025-03
U01041,2025-02-11,A,MOB,2025-02
U01042,2025-03-05,A,BSP,2025-03
U01043,2025-01-15,B,MOB,2025-01
U01044,2025-01-29,B,BSP,2025-01
U01045,2025-02-02,A,MOB,2025-02
U01046,2025-01-27,B,API,2025-01
U01047,2025-02-05,A,BSP,2025-02
U01048,2025-01-29,A,BSP,2025-01
U01049,2025-02-07,B,BSP,2025-02
U01050,2025-02-26,B,WEB,2025-02
U01051,2025-01-27,B,WEB,2025-01
U01052,2025-02-24,A,MOB,2025-02
U01053,2025-02-02,B,API,2025-02
U01054,2025-03-09,A,WEB,2025-03
U01055,2025-03-27,A,BSP,2025-03
U01056,2025-03-07,A,WEB,2025-03
U01057,2025-01-10,B,API,2025-01
U01058,2025-01-05,B,WEB,2025-01
U01059,2025-03-15,A,BSP,2025-03
U01060,2025-02-07,B,MOB,2025-02
U01061,2025-01-13,B,BSP,2025-01
U01062,2025-01-31,A,API,2025-01
U01063,2025-02-16,B,MOB,2025-02
U01064,2025-03-29,B,WEB,2025-03
U01065,2025-02-21,A,WEB,2025-02
U01066,2025-02-25,A,WEB,2025-02
U01067,2025-01-15,B,MOB,2025-01
U01068,2025-01-29,B,BSP,2025-01
U01069,2025-01-08,B,MOB,2025-01
U01070,2025-01-05,A,MOB,2025-01
U01071,2025-01-29,B,API,2025-01
U01072,2025-02-16,A,MOB,2025-02
U01073,2025-03-09,A,WEB,2025-03
U01074,2025-03-17,B,BSP,2025-03
U01075,2025-02-14,A,BSP,2025-02
U01076,2025-01-02,A,BSP,2025-01
U01077,2025-01-27,A,WEB,2025-01
U01078,2025-02-05,A,WEB,2025-02
U01079,2025-02-05,A,WEB,2025-02
U01080,2025-01-26,B,WEB,2025-01
U01081,2025-02-12,A,WEB,2025-02
U01082,2025-01-27,B,MOB,2025-01
U01083,2025-03-10,B,WEB,2025-03
U01084,2025-01-20,B,WEB,2025-01
U01085,2025-01-11,A,WEB,2025-01
U01086,2025-03-15,B,WEB,2025-03
U01087,2025-02-07,B,BSP,2025-02
U01088,2025-01-06,B,WEB,2025-01
U01089,2025-03-13,B,MOB,2025-03
U01090,2025-01-23,B,MOB,2025-01
U01091,2025-02-16,A,MOB,2025-02
U01092,2025-03-31,B,API,2025-03
U01093,2025-02-15,B,BSP,2025-02
U01094,2025-01-12,B,WEB,2025-01
U01095,2025-03-31,B,API,2025-03
U01096,2025-01-13,A,WEB,2025-01
U01097,2025-03-03,B,API,2025-03
U01098,2025-03-23,A,API,2025-03
U01099,2025-03-30,A,MOB,2025-03
U01100,2025-03-01,A,MOB,2025-03
U01101,2025-02-12,A,API,2025-02
U01102,2025-03-17,B,MOB,2025-03
U01103,2025-03-09,A,API,2025-03
U01104,2025-01-05,A,BSP,2025-01
U01105,2025-02-06,B,MOB,2025-02
U01106,2025-03-13,B,MOB,2025-03
U01107,2025-01-31,B,MOB,2025-01
U01108,2025-01-09,B,BSP,2025-01
U01109,2025-02-20,B,API,2025-02
U01110,2025-01-29,A,WEB,2025-01
U01111,2025-03-19,A,MOB,2025-03
U01112,2025-02-09,B,API,2025-02
U01113,2025-02-10,A,BSP,2025-02
U01114,2025-03-27,B,WEB,2025-03
U01115,2025-01-11,A,MOB,2025-01
U01116,2025-01-23,A,BSP,2025-01
U01117,2025-01-01,B,BSP,2025-01
U01118,2025-02-15,B,WEB,2025-02
U01119,2025-01-21,B,API,2025-01
U01120,2025-03-31,B,MOB,2025-03
U01121,2025-02-05,A,MOB,2025-02
U01122,2025-02-23,A,API,2025-02
U01123,2025-03-28,B,API,2025-03
U01124,2025-02-26,B,API,2025-02
U01125,2025-01-01,A,WEB,2025-01
U01126,2025-03-04,B,WEB,2025-03
U01127,2025-02-23,A,MOB,2025-02
U01128,2025-02-24,A,WEB,2025-02
U01129,2025-02-09,A,BSP,2025-02
U01130,2025-01-15,B,MOB,2025-01
U01131,2025-01-21,B,WEB,2025-01
U01132,2025-02-16,A,API,2025-02
U01133,2025-03-14,B,BSP,2025-03
U01134,2025-02-22,A,API,2025-02
U01135,2025-01-09,A,MOB,2025-01
U01136,2025-03-15,A,API,2025-03
U01137,2025-02-21,A,WEB,2025-02
U01138,2025-02-26,A,WEB,2025-02
U01139,2025-01-26,B,MOB,2025-01
U01140,2025-02-10,B,API,2025-02
U01141,2025-02-04,B,MOB,2025-02
U01142,2025-03-04,A,API,2025-03
U01143,2025-01-25,A,BSP,2025-01
U01144,2025-03-31,A,WEB,2025-03
U01145,2025-03-16,A,MOB,2025-03
U01146,2025-02-07,B,BSP,2025-02
U01147,2025-01-02,A,BSP,2025-01
U01148,2025-01-07,B,MOB,2025-01
U01149,2025-03-23,B,MOB,2025-03
U01150,2025-02-03,A,BSP,2025-02
U01151,2025-01-17,B,API,2025-01
U01152,2025-02-12,B,BSP,2025-02
U01153,2025-02-28,B,MOB,2025-02
U01154,2025-02-20,B,BSP,2025-02
U01155,2025-02-23,A,API,2025-02
U01156,2025-01-24,A,WEB,2025-01
U01157,2025-01-25,A,WEB,2025-01
U01158,2025-03-12,A,BSP,2025-03
U01159,2025-02-21,B,API,2025-02
U01160,2025-03-11,A,WEB,2025-03
U01161,2025-03-29,B,BSP,2025-03
U01162,2025-02-02,B,BSP,2025-02
U01163,2025-02-18,A,API,2025-02
U01164,2025-01-29,A,MOB,2025-01
U01165,2025-03-04,B,BSP,2025-03
U01166,2025-01-22,B,MOB,2025-01
U01167,2025-01-26,B,MOB,2025-01
U01168,2025-01-28,A,WEB,2025-01
U01169,2025-03-26,A,MOB,2025-03
U01170,2025-02-18,A,API,2025-02
U01171,2025-03-12,A,WEB,2025-03
U01172,2025-03-22,B,WEB,2025-03
U01173,2025-03-25,B,WEB,2025-03
U01174,2025-02-18,B,BSP,2025-02
U01175,2025-01-20,B,BSP,2025-01
U01176,2025-03-27,B,MOB,2025-03
U01177,2025-03-04,A,WEB,2025-03
U01178,2025-03-02,A,WEB,2025-03
U01179,2025-02-18,B,API,2025-02
U01180,2025-03-12,A,MOB,2025-03
U01181,2025-01-01,B,API,2025-01
U01182,2025-01-13,B,MOB,2025-01
U01183,2025-03-28,A,MOB,2025-03
U01184,2025-02-20,B,BSP,2025-02
U01185,2025-02-25,B,BSP,2025-02
U01186,2025-03-24,B,API,2025-03
U01187,2025-03-03,B,MOB,2025-03
U01188,2025-02-01,B,WEB,2025-02
U01189,2025-01-30,A,BSP,2025-01
U01190,2025-01-29,A,WEB,2025-01
U01191,2025-02-18,B,API,2025-02
U01192,2025-02-14,B,BSP,2025-02
U01193,2025-01-30,A,BSP,2025-01
U01194,2025-01-16,A,MOB,2025-01
U01195,2025-02-09,B,API,2025-02
U01196,2025-01-19,B,MOB,2025-01
U01197,2025-01-18,B,BSP,2025-01
U01198,2025-01-01,B,API,2025-01
U01199,2025-03-19,A,BSP,2025-03
U01200,2025-02-16,A,API,2025-02
U01201,2025-03-07,B,BSP,2025-03
U01202,2025-02-07,A,WEB,2025-02
U01203,2025-02-20,A,WEB,2025-02
U01204,2025-03-04,A,MOB,2025-03
U01205,2025-01-04,B,WEB,2025-01
U01206,2025-01-01,B,BSP,2025-01
U01207,2025-01-08,A,BSP,2025-01
U01208,2025-01-29,A,WEB,2025-01
U01209,2025-02-24,B,MOB,2025-02
U01210,2025-01-03,B,WEB,2025-01
U01211,2025-02-01,A,API,2025-02
U01212,2025-01-10,A,API,2025-01
U01213,2025-03-15,A,API,2025-03
U01214,2025-03-24,B,WEB,2025-03
U01215,2025-02-03,A,WEB,2025-02
U01216,2025-03-28,A,WEB,2025-03
U01217,2025-02-24,B,API,2025-02
U01218,2025-02-01,B,MOB,2025-02
U01219,2025-02-19,A,BSP,2025-02
U01220,2025-01-07,B,WEB,2025-01
U01221,2025-01-08,A,MOB,2025-01
U01222,2025-03-06,B,BSP,2025-03
U01223,2025-02-26,A,BSP,2025-02
U01224,2025-03-08,B,BSP,2025-03
U01225,2025-03-29,A,MOB,2025-03
U01226,2025-03-28,B,MOB,2025-03
U01227,2025-02-28,B,API,2025-02
U01228,2025-03-13,B,MOB,2025-03
U01229,2025-02-23,B,MOB,2025-02
U01230,2025-03-08,B,MOB,2025-03
U01231,2025-02-20,A,BSP,2025-02
U01232,2025-01-08,A,WEB,2025-01
U01233,2025-02-03,B,API,2025-02
U01234,2025-02-04,A,WEB,2025-02
U01235,2025-03-29,B,WEB,2025-03
U01236,2025-03-19,B,MOB,2025-03
U01237,2025-02-01,A,API,2025-02
U01238,2025-02-15,B,WEB,2025-02
U01239,2025-01-16,A,WEB,2025-01
U01240,2025-03-09,B,API,2025-03
U01241,2025-02-06,A,MOB,2025-02
U01242,2025-02-23,A,WEB,2025-02
U01243,2025-03-26,B,BSP,2025-03
U01244,2025-01-14,B,WEB,2025-01
U01245,2025-02-24,B,BSP,2025-02
U01246,2025-02-17,B,MOB,2025-02
U01247,2025-03-23,A,WEB,2025-03
U01248,2025-01-07,B,API,2025-01
U01249,2025-03-15,A,API,2025-03
U01250,2025-01-07,B,WEB,2025-01
U01251,2025-02-02,B,MOB,2025-02
U01252,2025-01-23,B,MOB,2025-01
U01253,2025-03-26,B,API,2025-03
U01254,2025-01-19,A,WEB,2025-01
U01255,2025-01-19,B,MOB,2025-01
U01256,2025-02-05,A,API,2025-02
U01257,2025-01-29,B,BSP,2025-01
U01258,2025-03-01,A,WEB,2025-03
U01259,2025-03-23,B,BSP,2025-03
U01260,2025-01-02,B,BSP,2025-01
U01261,2025-01-01,A,MOB,2025-01
U01262,2025-02-16,A,MOB,2025-02
U01263,2025-03-10,B,MOB,2025-03
U01264,2025-01-20,A,WEB,2025-01
U01265,2025-01-11,A,BSP,2025-01
U01266,2025-01-02,A,WEB,2025-01
U01267,2025-03-08,A,MOB,2025-03
U01268,2025-03-28,B,BSP,2025-03
U01269,2025-01-12,B,WEB,2025-01
U01270,2025-01-20,A,WEB,2025-01
U01271,2025-01-05,A,API,2025-01
U01272,2025-02-06,A,WEB,2025-02
U01273,2025-02-07,A,MOB,2025-02
U01274,2025-01-09,A,WEB,2025-01
U01275,2025-02-22,A,BSP,2025-02
U01276,2025-02-13,A,WEB,2025-02
U01277,2025-03-27,B,API,2025-03
U01278,2025-01-24,A,BSP,2025-01
U01279,2025-03-22,B,BSP,2025-03
U01280,2025-03-15,B,API,2025-03
U01281,2025-01-30,B,MOB,2025-01
U01282,2025-02-28,B,BSP,2025-02
U01283,2025-03-28,B,MOB,2025-03
U01284,2025-03-22,B,BSP,2025-03
U01285,2025-03-22,B,BSP,2025-03
U01286,2025-01-14,B,MOB,2025-01
U01287,2025-01-09,B,BSP,2025-01
U01288,2025-02-09,B,MOB,2025-02
U01289,2025-03-07,A,API,2025-03
U01290,2025-01-25,A,MOB,2025-01
U01291,2025-03-14,A,API,2025-03
U01292,2025-01-22,B,BSP,2025-01
U01293,2025-01-04,B,MOB,2025-01
U01294,2025-01-26,B,BSP,2025-01
U01295,2025-02-27,B,MOB,2025-02
U01296,2025-01-29,A,API,2025-01
U01297,2025-03-28,A,API,2025-03
U01298,2025-02-06,B,MOB,2025-02
U01299,2025-03-16,B,API,2025-03
U01300,2025-03-11,B,BSP,2025-03
U01301,2025-01-18,A,BSP,2025-01
U01302,2025-03-26,B,WEB,2025-03
U01303,2025-02-11,B,API,2025-02
U01304,2025-02-10,B,BSP,2025-02
U01305,2025-02-07,B,MOB,2025-02
U01306,2025-02-03,B,API,2025-02
U01307,2025-01-17,A,BSP,2025-01
U01308,2025-02-06,B,API,2025-02
U01309,2025-01-25,B,MOB,2025-01
U01310,2025-03-17,B,BSP,2025-03
U01311,2025-03-28,B,WEB,2025-03
U01312,2025-03-27,A,WEB,2025-03
U01313,2025-03-26,A,API,2025-03
U01314,2025-01-27,B,MOB,2025-01
U01315,2025-02-26,B,BSP,2025-02
U01316,2025-01-31,B,MOB,2025-01
U01317,2025-01-06,A,BSP,2025-01
U01318,2025-02-09,B,API,2025-02
U01319,2025-01-12,B,BSP,2025-01
U01320,2025-02-22,B,MOB,2025-02
U01321,2025-03-12,A,MOB,2025-03
U01322,2025-01-10,B,API,2025-01
U01323,2025-02-14,B,MOB,2025-02
U01324,2025-01-17,A,BSP,2025-01
U01325,2025-01-26,B,API,2025-01
U01326,2025-03-26,B,BSP,2025-03
U01327,2025-03-03,B,MOB,2025-03
U01328,2025-02-15,A,API,2025-02
U01329,2025-03-05,A,BSP,2025-03
U01330,2025-01-02,A,MOB,2025-01
U01331,2025-02-23,A,MOB,2025-02
U01332,2025-03-06,A,WEB,2025-03
U01333,2025-02-20,B,MOB,2025-02
U01334,2025-02-22,A,BSP,2025-02
U01335,2025-02-05,B,API,2025-02
U01336,2025-01-26,B,WEB,2025-01
U01337,2025-01-29,B,MOB,2025-01
U01338,2025-01-21,B,MOB,2025-01
U01339,2025-01-11,B,MOB,2025-01
U01340,2025-02-09,B,BSP,2025-02
U01341,2025-01-11,A,WEB,2025-01
U01342,2025-02-05,A,BSP,2025-02
U01343,2025-02-28,B,WEB,2025-02
U01344,2025-02-08,B,API,2025-02
U01345,2025-02-23,A,BSP,2025-02
U01346,2025-02-24,B,BSP,2025-02
U01347,2025-01-24,B,API,2025-01
U01348,2025-01-22,A,WEB,2025-01
U01349,2025-03-10,B,MOB,2025-03
U01350,2025-02-25,B,API,2025-02
U01351,2025-02-02,A,MOB,2025-02
U01352,2025-02-05,B,MOB,2025-02
U01353,2025-01-20,A,API,2025-01
U01354,2025-03-24,B,WEB,2025-03
U01355,2025-03-22,A,MOB,2025-03
U01356,2025-03-03,A,API,2025-03
U01357,2025-03-14,B,BSP,2025-03
U01358,2025-01-26,B,BSP,2025-01
U01359,2025-03-07,A,BSP,2025-03
U01360,2025-03-14,A,API,2025-03
U01361,2025-03-14,B,BSP,2025-03
U01362,2025-02-09,A,MOB,2025-02
U01363,2025-01-17,A,BSP,2025-01
U01364,2025-01-01,A,BSP,2025-01
U01365,2025-03-30,A,MOB,2025-03
U01366,2025-03-02,B,BSP,2025-03
U01367,2025-02-12,B,MOB,2025-02
U01368,2025-02-11,A,BSP,2025-02
U01369,2025-01-25,B,MOB,2025-01
U01370,2025-02-08,A,BSP,2025-02
U01371,2025-02-04,B,MOB,2025-02
U01372,2025-01-03,B,API,2025-01
U01373,2025-02-13,A,MOB,2025-02
U01374,2025-02-20,B,BSP,2025-02
U01375,2025-01-12,B,BSP,2025-01
U01376,2025-01-19,A,WEB,2025-01
U01377,2025-02-13,A,MOB,2025-02
U01378,2025-02-28,A,API,2025-02
U01379,2025-02-18,B,MOB,2025-02
U01380,2025-03-02,B,MOB,2025-03
U01381,2025-01-17,B,API,2025-01
U01382,2025-03-15,B,MOB,2025-03
U01383,2025-02-26,B,API,2025-02
U01384,2025-02-24,B,API,2025-02
U01385,2025-02-16,B,MOB,2025-02
U01386,2025-01-12,A,MOB,2025-01
U01387,2025-03-03,B,BSP,2025-03
U01388,2025-03-21,B,BSP,2025-03
U01389,2025-03-29,A,WEB,2025-03
U01390,2025-03-24,B,WEB,2025-03
U01391,2025-01-08,A,MOB,2025-01
U01392,2025-01-21,B,API,2025-01
U01393,2025-03-22,B,WEB,2025-03
U01394,2025-03-28,A,MOB,2025-03
U01395,2025-03-21,A,WEB,2025-03
U01396,2025-03-11,A,API,2025-03
U01397,2025-03-13,B,MOB,2025-03
U01398,2025-01-25,A,API,2025-01
U01399,2025-03-23,B,MOB,2025-03
U01400,2025-03-30,A,WEB,2025-03
U01401,2025-01-12,B,BSP,2025-01
U01402,2025-01-15,B,WEB,2025-01
U01403,2025-02-28,A,WEB,2025-02
U01404,2025-01-26,B,BSP,2025-01
U01405,2025-01-26,A,BSP,2025-01
U01406,2025-02-16,B,MOB,2025-02
U01407,2025-02-01,A,MOB,2025-02
U01408,2025-01-10,A,API,2025-01
U01409,2025-01-16,A,API,2025-01
U01410,2025-03-12,A,WEB,2025-03
U01411,2025-01-17,A,BSP,2025-01
U01412,2025-01-23,B,API,2025-01
U01413,2025-01-26,B,WEB,2025-01
U01414,2025-03-26,A,BSP,2025-03
U01415,2025-03-27,B,MOB,2025-03
U01416,2025-01-07,A,WEB,2025-01
U01417,2025-01-14,B,MOB,2025-01
U01418,2025-03-20,B,API,2025-03
U01419,2025-01-07,B,API,2025-01
U01420,2025-01-09,B,BSP,2025-01
U01421,2025-02-17,A,WEB,2025-02
U01422,2025-03-13,B,MOB,2025-03
U01423,2025-02-28,B,BSP,2025-02
U01424,2025-03-28,A,API,2025-03
U01425,2025-03-23,B,API,2025-03
U01426,2025-02-08,A,WEB,2025-02
U01427,2025-01-18,B,MOB,2025-01
U01428,2025-02-28,A,WEB,2025-02
U01429,2025-01-17,A,MOB,2025-01
U01430,2025-01-14,B,MOB,2025-01
U01431,2025-01-31,B,WEB,2025-01
U01432,2025-01-24,A,BSP,2025-01
U01433,2025-03-01,A,WEB,2025-03
U01434,2025-02-14,B,WEB,2025-02
U01435,2025-01-03,A,API,2025-01
U01436,2025-02-06,A,API,2025-02
U01437,2025-02-12,B,WEB,2025-02
U01438,2025-02-09,B,WEB,2025-02
U01439,2025-03-31,A,API,2025-03
U01440,2025-02-24,B,MOB,2025-02
U01441,2025-03-28,B,WEB,2025-03
U01442,2025-02-08,B,BSP,2025-02
U01443,2025-01-15,B,BSP,2025-01
U01444,2025-01-04,A,BSP,2025-01
U01445,2025-03-27,A,WEB,2025-03
U01446,2025-01-25,A,MOB,2025-01
U01447,2025-01-13,B,MOB,2025-01
U01448,2025-03-23,A,API,2025-03
U01449,2025-02-02,B,WEB,2025-02
U01450,2025-01-16,A,MOB,2025-01
U01451,2025-02-11,A,WEB,2025-02
U01452,2025-03-07,B,API,2025-03
U01453,2025-02-24,A,API,2025-02
U01454,2025-02-11,A,API,2025-02
U01455,2025-02-03,B,BSP,2025-02
U01456,2025-01-30,A,WEB,2025-01
U01457,2025-01-13,B,API,2025-01
U01458,2025-01-13,B,WEB,2025-01
U01459,2025-01-18,A,BSP,2025-01
U01460,2025-02-01,B,BSP,2025-02
U01461,2025-02-08,B,API,2025-02
U01462,2025-02-15,A,API,2025-02
U01463,2025-01-29,A,MOB,2025-01
U01464,2025-03-03,A,WEB,2025-03
U01465,2025-03-03,B,API,2025-03
U01466,2025-02-26,A,MOB,2025-02
U01467,2025-01-16,B,WEB,2025-01
U01468,2025-02-25,B,API,2025-02
U01469,2025-01-10,B,MOB,2025-01
U01470,2025-01-30,A,MOB,2025-01
U01471,2025-01-25,A,WEB,2025-01
U01472,2025-03-25,B,MOB,2025-03
U01473,2025-01-05,A,WEB,2025-01
U01474,2025-03-06,A,WEB,2025-03
U01475,2025-02-18,A,WEB,2025-02
U01476,2025-01-03,A,BSP,2025-01
U01477,2025-02-14,B,MOB,2025-02
U01478,2025-01-14,A,WEB,2025-01
U01479,2025-01-30,A,API,2025-01
U01480,2025-03-09,A,BSP,2025-03
U01481,2025-01-18,B,BSP,2025-01
U01482,2025-03-03,B,MOB,2025-03
U01483,2025-02-06,A,WEB,2025-02
U01484,2025-01-25,B,MOB,2025-01
U01485,2025-02-17,B,BSP,2025-02
U01486,2025-03-06,B,WEB,2025-03
U01487,2025-02-22,B,API,2025-02
U01488,2025-03-20,A,WEB,2025-03
U01489,2025-03-14,A,BSP,2025-03
U01490,2025-01-15,A,API,2025-01
U01491,2025-02-18,A,WEB,2025-02
U01492,2025-03-29,B,API,2025-03
U01493,2025-03-09,A,API,2025-03
U01494,2025-01-12,A,BSP,2025-01
U01495,2025-02-28,B,API,2025-02
U01496,2025-02-06,B,MOB,2025-02
U01497,2025-03-02,A,BSP,2025-03
U01498,2025-02-12,A,MOB,2025-02
U01499,2025-03-11,A,API,2025-03
U01500,2025-02-08,B,MOB,2025-02
U01501,2025-02-25,A,WEB,2025-02
U01502,2025-03-04,A,API,2025-03
U01503,2025-02-15,B,WEB,2025-02
U01504,2025-03-29,A,MOB,2025-03
U01505,2025-01-11,B,WEB,2025-01
U01506,2025-03-03,A,API,2025-03
U01507,2025-03-18,A,WEB,2025-03
U01508,2025-01-25,B,MOB,2025-01
U01509,2025-03-12,B,MOB,2025-03
U01510,2025-02-21,A,MOB,2025-02
U01511,2025-01-04,B,API,2025-01
U01512,2025-02-28,B,MOB,2025-02
U01513,2025-03-13,B,API,2025-03
U01514,2025-01-20,A,WEB,2025-01
U01515,2025-03-04,B,MOB,2025-03
U01516,2025-02-23,A,WEB,2025-02
U01517,2025-03-15,A,BSP,2025-03
U01518,2025-02-26,A,WEB,2025-02
U01519,2025-03-31,A,BSP,2025-03
U01520,2025-02-10,B,WEB,2025-02
U01521,2025-01-03,A,API,2025-01
U01522,2025-01-06,A,WEB,2025-01
U01523,2025-01-05,B,API,2025-01
U01524,2025-01-05,A,API,2025-01
U01525,2025-02-23,A,MOB,2025-02
U01526,2025-02-16,A,API,2025-02
U01527,2025-03-28,A,BSP,2025-03
U01528,2025-02-18,A,MOB,2025-02
U01529,2025-01-09,B,MOB,2025-01
U01530,2025-01-20,A,WEB,2025-01
U01531,2025-03-02,A,API,2025-03
U01532,2025-02-04,B,API,2025-02
U01533,2025-02-19,B,BSP,2025-02
U01534,2025-03-23,A,WEB,2025-03
U01535,2025-03-03,B,WEB,2025-03
U01536,2025-01-17,A,MOB,2025-01
U01537,2025-03-29,A,MOB,2025-03
U01538,2025-01-03,B,MOB,2025-01
U01539,2025-02-01,A,BSP,2025-02
U01540,2025-01-13,B,BSP,2025-01
U01541,2025-03-30,A,MOB,2025-03
U01542,2025-03-14,B,WEB,2025-03
U01543,2025-03-09,A,BSP,2025-03
U01544,2025-01-14,B,WEB,2025-01
U01545,2025-01-11,B,WEB,2025-01
U01546,2025-02-25,B,API,2025-02
U01547,2025-03-08,A,MOB,2025-03
U01548,2025-01-29,B,API,2025-01
U01549,2025-01-09,B,MOB,2025-01
U01550,2025-03-08,B,MOB,2025-03
U01551,2025-01-25,B,WEB,2025-01
U01552,2025-03-17,B,MOB,2025-03
U01553,2025-02-11,A,WEB,2025-02
U01554,2025-01-09,A,WEB,2025-01
U01555,2025-03-20,A,MOB,2025-03
U01556,2025-02-09,A,WEB,2025-02
U01557,2025-01-25,B,WEB,2025-01
U01558,2025-01-05,B,WEB,2025-01
U01559,2025-01-11,B,BSP,2025-01
U01560,2025-02-28,A,WEB,2025-02
U01561,2025-03-29,B,BSP,2025-03
U01562,2025-03-20,B,BSP,2025-03
U01563,2025-02-07,B,WEB,2025-02
U01564,2025-03-13,B,WEB,2025-03
U01565,2025-01-05,A,BSP,2025-01
U01566,2025-02-17,B,BSP,2025-02
U01567,2025-03-31,B,WEB,2025-03
U01568,2025-01-18,A,WEB,2025-01
U01569,2025-03-11,A,MOB,2025-03
U01570,2025-02-06,B,BSP,2025-02
U01571,2025-03-01,B,BSP,2025-03
U01572,2025-02-17,B,MOB,2025-02
U01573,2025-03-18,B,BSP,2025-03
U01574,2025-01-28,A,API,2025-01
U01575,2025-03-10,A,BSP,2025-03
U01576,2025-03-18,A,MOB,2025-03
U01577,2025-03-22,A,API,2025-03
U01578,2025-02-09,A,WEB,2025-02
U01579,2025-02-14,A,MOB,2025-02
U01580,2025-03-03,A,MOB,2025-03
U01581,2025-02-27,B,WEB,2025-02
U01582,2025-03-08,A,MOB,2025-03
U01583,2025-02-25,B,BSP,2025-02
U01584,2025-02-09,B,WEB,2025-02
U01585,2025-02-09,A,MOB,2025-02
U01586,2025-03-18,A,WEB,2025-03
U01587,2025-02-02,A,WEB,2025-02
U01588,2025-01-06,A,WEB,2025-01
U01589,2025-03-29,B,API,2025-03
U01590,2025-01-19,A,MOB,2025-01
U01591,2025-03-21,A,API,2025-03
U01592,2025-02-09,A,MOB,2025-02
U01593,2025-02-28,B,BSP,2025-02
U01594,2025-02-28,B,BSP,2025-02
U01595,2025-02-17,B,BSP,2025-02
U01596,2025-02-10,A,MOB,2025-02
U01597,2025-01-13,B,WEB,2025-01
U01598,2025-02-14,B,WEB,2025-02
U01599,2025-03-30,B,API,2025-03
U01600,2025-02-22,B,API,2025-02
U01601,2025-02-11,A,BSP,2025-02
U01602,2025-03-04,B,API,2025-03
U01603,2025-01-27,B,MOB,2025-01
U01604,2025-02-07,A,MOB,2025-02
U01605,2025-03-01,A,API,2025-03
U01606,2025-01-07,B,API,2025-01
U01607,2025-01-05,A,API,2025-01
U01608,2025-02-14,B,API,2025-02
U01609,2025-02-27,B,BSP,2025-02
U01610,2025-01-31,B,BSP,2025-01
U01611,2025-01-23,A,API,2025-01
U01612,2025-02-11,B,MOB,2025-02
U01613,2025-01-10,A,BSP,2025-01
U01614,2025-02-01,B,MOB,2025-02
U01615,2025-02-22,A,WEB,2025-02
U01616,2025-01-30,B,MOB,2025-01
U01617,2025-02-08,B,API,2025-02
U01618,2025-01-31,B,WEB,2025-01
U01619,2025-03-23,B,BSP,2025-03
U01620,2025-01-02,B,BSP,2025-01
U01621,2025-03-19,B,WEB,2025-03
U01622,2025-03-18,A,MOB,2025-03
U01623,2025-01-12,B,BSP,2025-01
U01624,2025-02-08,A,API,2025-02
U01625,2025-03-07,B,WEB,2025-03
U01626,2025-01-13,A,API,2025-01
U01627,2025-02-15,A,WEB,2025-02
U01628,2025-01-27,B,BSP,2025-01
U01629,2025-01-17,A,MOB,2025-01
U01630,2025-03-01,A,WEB,2025-03
U01631,2025-03-05,B,WEB,2025-03
U01632,2025-03-29,B,API,2025-03
U01633,2025-02-04,B,BSP,2025-02
U01634,2025-03-11,A,API,2025-03
U01635,2025-03-24,B,BSP,2025-03
U01636,2025-01-30,A,API,2025-01
U01637,2025-03-12,B,WEB,2025-03
U01638,2025-03-15,B,API,2025-03
U01639,2025-03-04,B,MOB,2025-03
U01640,2025-01-28,A,BSP,2025-01
U01641,2025-03-01,A,BSP,2025-03
U01642,2025-03-20,A,WEB,2025-03
U01643,2025-02-06,A,BSP,2025-02
U01644,2025-01-22,A,MOB,2025-01
U01645,2025-03-09,B,API,2025-03
U01646,2025-01-20,A,WEB,2025-01
U01647,2025-03-09,B,MOB,2025-03
U01648,2025-03-05,A,BSP,2025-03
U01649,2025-01-17,B,BSP,2025-01
U01650,2025-01-12,B,MOB,2025-01
U01651,2025-01-22,A,API,2025-01
U01652,2025-01-17,A,API,2025-01
U01653,2025-01-10,B,WEB,2025-01
U01654,2025-03-06,A,BSP,2025-03
U01655,2025-01-22,B,MOB,2025-01
U01656,2025-03-31,B,API,2025-03
U01657,2025-03-23,B,WEB,2025-03
U01658,2025-02-19,A,BSP,2025-02
U01659,2025-01-14,B,BSP,2025-01
U01660,2025-03-05,B,WEB,2025-03
U01661,2025-02-16,B,WEB,2025-02
U01662,2025-01-29,A,API,2025-01
U01663,2025-03-17,B,MOB,2025-03
U01664,2025-02-05,A,BSP,2025-02
U01665,2025-02-21,B,MOB,2025-02
U01666,2025-03-17,A,BSP,2025-03
U01667,2025-01-07,B,BSP,2025-01
U01668,2025-01-29,A,MOB,2025-01
U01669,2025-01-11,B,WEB,2025-01
U01670,2025-02-02,B,API,2025-02
U01671,2025-01-06,B,BSP,2025-01
U01672,2025-03-20,B,WEB,2025-03
U01673,2025-02-01,A,BSP,2025-02
U01674,2025-02-20,B,API,2025-02
U01675,2025-03-16,A,BSP,2025-03
U01676,2025-02-27,B,API,2025-02
U01677,2025-03-28,B,API,2025-03
U01678,2025-01-26,B,BSP,2025-01
U01679,2025-02-15,A,BSP,2025-02
U01680,2025-01-29,B,API,2025-01
U01681,2025-01-04,B,WEB,2025-01
U01682,2025-03-22,A,MOB,2025-03
U01683,2025-01-13,B,API,2025-01
U01684,2025-02-08,A,BSP,2025-02
U01685,2025-01-15,A,BSP,2025-01
U01686,2025-01-29,A,WEB,2025-01
U01687,2025-01-29,A,MOB,2025-01
U01688,2025-03-16,B,API,2025-03
U01689,2025-02-01,A,API,2025-02
U01690,2025-01-02,A,MOB,2025-01
U01691,2025-02-16,A,API,2025-02
U01692,2025-03-19,B,MOB,2025-03
U01693,2025-03-25,B,BSP,2025-03
U01694,2025-01-22,A,MOB,2025-01
U01695,2025-03-16,A,API,2025-03
U01696,2025-01-27,B,MOB,2025-01
U01697,2025-03-08,A,WEB,2025-03
U01698,2025-03-22,A,BSP,2025-03
U01699,2025-02-25,A,BSP,2025-02
U01700,2025-01-21,B,MOB,2025-01
U01701,2025-02-16,A,API,2025-02
U01702,2025-03-21,B,WEB,2025-03
U01703,2025-02-28,A,BSP,2025-02
U01704,2025-03-25,B,BSP,2025-03
U01705,2025-01-06,A,API,2025-01
U01706,2025-01-19,B,API,2025-01
U01707,2025-02-26,A,WEB,2025-02
U01708,2025-03-10,A,MOB,2025-03
U01709,2025-01-03,B,API,2025-01
U01710,2025-01-01,A,MOB,2025-01
U01711,2025-02-27,B,WEB,2025-02
U01712,2025-02-07,B,MOB,2025-02
U01713,2025-01-15,B,BSP,2025-01
U01714,2025-02-03,A,MOB,2025-02
U01715,2025-03-02,B,WEB,2025-03
U01716,2025-02-04,A,WEB,2025-02
U01717,2025-03-05,B,WEB,2025-03
U01718,2025-01-25,B,MOB,2025-01
U01719,2025-01-24,B,BSP,2025-01
U01720,2025-01-12,A,API,2025-01
U01721,2025-01-18,B,BSP,2025-01
U01722,2025-01-15,A,MOB,2025-01
U01723,2025-03-21,B,MOB,2025-03
U01724,2025-01-27,A,API,2025-01
U01725,2025-03-13,B,MOB,2025-03
U01726,2025-03-01,B,WEB,2025-03
U01727,2025-02-15,B,WEB,2025-02
U01728,2025-03-30,A,WEB,2025-03
U01729,2025-01-17,B,WEB,2025-01
U01730,2025-02-22,A,WEB,2025-02
U01731,2025-01-08,A,MOB,2025-01
U01732,2025-03-20,A,API,2025-03
U01733,2025-01-27,A,API,2025-01
U01734,2025-02-15,A,WEB,2025-02
U01735,2025-02-19,B,MOB,2025-02
U01736,2025-03-12,A,BSP,2025-03
U01737,2025-01-03,A,BSP,2025-01
U01738,2025-03-05,B,MOB,2025-03
U01739,2025-02-13,A,WEB,2025-02
U01740,2025-02-22,B,API,2025-02
U01741,2025-01-24,B,MOB,2025-01
U01742,2025-03-01,B,BSP,2025-03
U01743,2025-01-03,B,BSP,2025-01
U01744,2025-01-20,B,BSP,2025-01
U01745,2025-02-15,B,WEB,2025-02
U01746,2025-01-15,A,BSP,2025-01
U01747,2025-01-25,B,MOB,2025-01
U01748,2025-03-19,A,MOB,2025-03
U01749,2025-03-12,B,BSP,2025-03
U01750,2025-01-17,A,MOB,2025-01
U01751,2025-03-25,B,BSP,2025-03
U01752,2025-01-09,A,BSP,2025-01
U01753,2025-02-07,B,API,2025-02
U01754,2025-02-17,A,WEB,2025-02
U01755,2025-03-01,B,WEB,2025-03
U01756,2025-03-04,B,API,2025-03
U01757,2025-03-27,A,API,2025-03
U01758,2025-01-02,B,WEB,2025-01
U01759,2025-03-29,B,BSP,2025-03
U01760,2025-03-13,B,BSP,2025-03
U01761,2025-01-11,A,WEB,2025-01
U01762,2025-03-05,A,BSP,2025-03
U01763,2025-03-18,A,API,2025-03
U01764,2025-03-22,A,BSP,2025-03
U01765,2025-03-13,B,BSP,2025-03
U01766,2025-01-21,A,MOB,2025-01
U01767,2025-01-18,B,MOB,2025-01
U01768,2025-03-05,A,MOB,2025-03
U01769,2025-03-23,B,BSP,2025-03
U01770,2025-02-07,B,WEB,2025-02
U01771,2025-02-01,B,API,2025-02
U01772,2025-01-11,A,BSP,2025-01
U01773,2025-02-14,A,WEB,2025-02
U01774,2025-03-30,A,BSP,2025-03
U01775,2025-02-02,A,API,2025-02
U01776,2025-02-10,A,BSP,2025-02
U01777,2025-01-08,A,API,2025-01
U01778,2025-01-11,A,BSP,2025-01
U01779,2025-03-27,B,API,2025-03
U01780,2025-02-20,A,BSP,2025-02
U01781,2025-03-29,A,API,2025-03
U01782,2025-02-10,A,MOB,2025-02
U01783,2025-01-17,B,BSP,2025-01
U01784,2025-03-17,B,BSP,2025-03
U01785,2025-02-15,B,WEB,2025-02
U01786,2025-02-01,B,WEB,2025-02
U01787,2025-03-20,A,API,2025-03
U01788,2025-03-21,B,BSP,2025-03
U01789,2025-02-23,A,API,2025-02
U01790,2025-03-27,A,MOB,2025-03
U01791,2025-01-20,B,WEB,2025-01
U01792,2025-02-02,B,API,2025-02
U01793,2025-03-15,A,API,2025-03
U01794,2025-02-09,B,WEB,2025-02
U01795,2025-02-01,B,BSP,2025-02
U01796,2025-01-02,A,API,2025-01
U01797,2025-02-02,A,WEB,2025-02
U01798,2025-03-18,A,BSP,2025-03
U01799,2025-01-30,A,MOB,2025-01
U01800,2025-02-02,A,WEB,2025-02
U01801,2025-03-18,A,API,2025-03
U01802,2025-01-26,A,MOB,2025-01
U01803,2025-01-22,B,BSP,2025-01
U01804,2025-03-07,B,BSP,2025-03
U01805,2025-02-07,B,WEB,2025-02
U01806,2025-03-31,A,WEB,2025-03
U01807,2025-02-15,B,WEB,2025-02
U01808,2025-01-15,B,BSP,2025-01
U01809,2025-02-13,B,MOB,2025-02
U01810,2025-02-18,A,BSP,2025-02
U01811,2025-03-16,B,API,2025-03
U01812,2025-03-02,A,BSP,2025-03
U01813,2025-03-08,A,API,2025-03
U01814,2025-01-06,B,MOB,2025-01
U01815,2025-01-09,B,WEB,2025-01
U01816,2025-01-06,A,WEB,2025-01
U01817,2025-03-14,B,BSP,2025-03
U01818,2025-02-01,B,WEB,2025-02
U01819,2025-02-10,A,MOB,2025-02
U01820,2025-03-17,B,WEB,2025-03
U01821,2025-01-08,A,BSP,2025-01
U01822,2025-03-13,B,MOB,2025-03
U01823,2025-02-19,B,API,2025-02
U01824,2025-03-03,A,BSP,2025-03
U01825,2025-03-25,B,API,2025-03
U01826,2025-03-03,B,MOB,2025-03
U01827,2025-01-07,B,BSP,2025-01
U01828,2025-03-16,B,BSP,2025-03
U01829,2025-03-25,B,MOB,2025-03
U01830,2025-03-21,B,WEB,2025-03
U01831,2025-01-04,B,BSP,2025-01
U01832,2025-01-06,B,BSP,2025-01
U01833,2025-02-27,A,API,2025-02
U01834,2025-01-22,B,WEB,2025-01
U01835,2025-01-26,A,API,2025-01
U01836,2025-01-03,B,API,2025-01
U01837,2025-02-10,B,WEB,2025-02
U01838,2025-03-01,B,WEB,2025-03
U01839,2025-01-14,B,MOB,2025-01
U01840,2025-03-16,B,WEB,2025-03
U01841,2025-03-23,A,BSP,2025-03
U01842,2025-01-12,B,WEB,2025-01
U01843,2025-03-28,A,MOB,2025-03
U01844,2025-01-12,A,MOB,2025-01
U01845,2025-01-13,A,MOB,2025-01
U01846,2025-01-25,B,WEB,2025-01
U01847,2025-02-14,B,WEB,2025-02
U01848,2025-01-19,B,API,2025-01
U01849,2025-02-24,A,API,2025-02
U01850,2025-02-14,A,BSP,2025-02
U01851,2025-01-08,A,API,2025-01
U01852,2025-02-22,A,BSP,2025-02
U01853,2025-02-24,B,MOB,2025-02
U01854,2025-02-01,A,API,2025-02
U01855,2025-02-20,A,WEB,2025-02
U01856,2025-02-13,A,API,2025-02
U01857,2025-03-23,A,BSP,2025-03
U01858,2025-03-11,A,API,2025-03
U01859,2025-01-18,A,MOB,2025-01
U01860,2025-03-24,B,WEB,2025-03
U01861,2025-01-22,B,BSP,2025-01
U01862,2025-02-06,B,WEB,2025-02
U01863,2025-02-25,B,WEB,2025-02
U01864,2025-02-28,A,BSP,2025-02
U01865,2025-01-03,B,WEB,2025-01
U01866,2025-01-28,B,WEB,2025-01
U01867,2025-03-15,A,API,2025-03
U01868,2025-02-04,B,WEB,2025-02
U01869,2025-03-02,A,WEB,2025-03
U01870,2025-02-23,A,WEB,2025-02
U01871,2025-03-04,A,WEB,2025-03
U01872,2025-03-20,B,BSP,2025-03
U01873,2025-01-07,B,MOB,2025-01
U01874,2025-03-17,B,API,2025-03
U01875,2025-02-18,A,WEB,2025-02
U01876,2025-03-26,A,WEB,2025-03
U01877,2025-01-31,A,BSP,2025-01
U01878,2025-02-27,A,MOB,2025-02
U01879,2025-03-02,B,WEB,2025-03
U01880,2025-01-24,A,BSP,2025-01
U01881,2025-01-20,B,API,2025-01
U01882,2025-02-06,B,API,2025-02
U01883,2025-01-04,A,WEB,2025-01
U01884,2025-01-20,B,WEB,2025-01
U01885,2025-03-01,A,MOB,2025-03
U01886,2025-01-24,A,MOB,2025-01
U01887,2025-02-19,A,WEB,2025-02
U01888,2025-02-18,B,BSP,2025-02
U01889,2025-02-20,A,MOB,2025-02
U01890,2025-02-05,B,WEB,2025-02
U01891,2025-03-07,B,MOB,2025-03
U01892,2025-03-20,A,WEB,2025-03
U01893,2025-02-03,B,API,2025-02
U01894,2025-02-05,B,WEB,2025-02
U01895,2025-01-06,A,API,2025-01
U01896,2025-02-08,A,MOB,2025-02
U01897,2025-02-11,B,WEB,2025-02
U01898,2025-02-27,A,MOB,2025-02
U01899,2025-01-12,B,API,2025-01
U01900,2025-01-03,A,WEB,2025-01
U01901,2025-01-18,A,MOB,2025-01
U01902,2025-02-09,A,API,2025-02
U01903,2025-01-21,A,MOB,2025-01
U01904,2025-01-15,B,BSP,2025-01
U01905,2025-01-26,A,API,2025-01
U01906,2025-01-08,B,API,2025-01
U01907,2025-03-28,B,API,2025-03
U01908,2025-02-11,B,WEB,2025-02
U01909,2025-02-13,B,WEB,2025-02
U01910,2025-01-14,A,WEB,2025-01
U01911,2025-03-19,A,BSP,2025-03
U01912,2025-01-02,B,BSP,2025-01
U01913,2025-02-06,A,API,2025-02
U01914,2025-03-10,B,BSP,2025-03
U01915,2025-02-07,A,MOB,2025-02
U01916,2025-02-10,B,API,2025-02
U01917,2025-03-03,B,API,2025-03
U01918,2025-03-01,B,MOB,2025-03
U01919,2025-01-14,B,API,2025-01
U01920,2025-03-30,B,BSP,2025-03
U01921,2025-03-25,B,WEB,2025-03
U01922,2025-01-02,B,MOB,2025-01
U01923,2025-03-11,A,BSP,2025-03
U01924,2025-01-17,A,MOB,2025-01
U01925,2025-03-30,A,MOB,2025-03
U01926,2025-01-28,B,API,2025-01
U01927,2025-03-07,A,API,2025-03
U01928,2025-02-04,B,BSP,2025-02
U01929,2025-01-05,B,MOB,2025-01
U01930,2025-03-06,B,API,2025-03
U01931,2025-02-09,B,API,2025-02
U01932,2025-03-17,A,MOB,2025-03
U01933,2025-02-25,B,BSP,2025-02
U01934,2025-02-05,B,BSP,2025-02
U01935,2025-02-14,A,MOB,2025-02
U01936,2025-01-23,A,BSP,2025-01
U01937,2025-02-16,B,API,2025-02
U01938,2025-01-31,B,MOB,2025-01
U01939,2025-01-11,A,API,2025-01
U01940,2025-01-10,B,WEB,2025-01
U01941,2025-03-08,B,WEB,2025-03
U01942,2025-01-14,A,BSP,2025-01
U01943,2025-03-21,B,WEB,2025-03
U01944,2025-03-15,B,API,2025-03
U01945,2025-01-10,B,WEB,2025-01
U01946,2025-03-17,B,API,2025-03
U01947,2025-01-01,A,BSP,2025-01
U01948,2025-01-05,A,BSP,2025-01
U01949,2025-01-20,A,API,2025-01
U01950,2025-01-08,A,WEB,2025-01
U01951,2025-02-12,A,BSP,2025-02
U01952,2025-03-17,B,MOB,2025-03
U01953,2025-01-01,B,BSP,2025-01
U01954,2025-02-26,B,WEB,2025-02
U01955,2025-03-05,B,MOB,2025-03
U01956,2025-03-25,B,WEB,2025-03
U01957,2025-01-28,A,API,2025-01
U01958,2025-02-06,A,MOB,2025-02
U01959,2025-02-16,B,WEB,2025-02
U01960,2025-03-17,B,MOB,2025-03
U01961,2025-02-06,A,WEB,2025-02
U01962,2025-02-18,B,MOB,2025-02
U01963,2025-02-13,A,WEB,2025-02
U01964,2025-02-25,B,API,2025-02
U01965,2025-01-28,B,MOB,2025-01
U01966,2025-03-20,B,MOB,2025-03
U01967,2025-01-06,B,MOB,2025-01
U01968,2025-03-02,B,MOB,2025-03
U01969,2025-01-20,B,API,2025-01
U01970,2025-03-19,B,MOB,2025-03
U01971,2025-01-02,B,BSP,2025-01
U01972,2025-03-14,B,API,2025-03
U01973,2025-02-06,A,BSP,2025-02
U01974,2025-01-20,A,MOB,2025-01
U01975,2025-01-26,B,WEB,2025-01
U01976,2025-01-29,A,BSP,2025-01
U01977,2025-01-01,A,MOB,2025-01
U01978,2025-02-04,B,BSP,2025-02
U01979,2025-03-11,B,MOB,2025-03
U01980,2025-02-28,B,MOB,2025-02
U01981,2025-03-10,A,MOB,2025-03
U01982,2025-02-02,A,WEB,2025-02
U01983,2025-02-20,A,BSP,2025-02
U01984,2025-03-19,A,API,2025-03
U01985,2025-01-12,A,API,2025-01
U01986,2025-01-20,A,API,2025-01
U01987,2025-02-22,B,API,2025-02
U01988,2025-03-29,B,MOB,2025-03
U01989,2025-02-12,A,BSP,2025-02
U01990,2025-03-30,A,BSP,2025-03
U01991,2025-02-19,B,WEB,2025-02
U01992,2025-01-29,A,BSP,2025-01
U01993,2025-02-26,B,BSP,2025-02
U01994,2025-02-08,A,BSP,2025-02
U01995,2025-02-25,A,WEB,2025-02
U01996,2025-02-12,A,API,2025-02
U01997,2025-02-19,A,BSP,2025-02
U01998,2025-01-23,B,WEB,2025-01
U01999,2025-02-13,B,WEB,2025-02
